capture_id,Being-away,Coherence,Scope,Fascination,Average
201311_113.8327226_22.588928800000005.png,0.4964260122705439,0.2512867977929635,0.0949544704505697,0.0797593510951027,0.230606658
201311_113.83766518162263_22.641416403895732.png,0.0766281156458505,0.7333571904814647,0.1020110564641493,0.0899041598025771,0.250475131
201311_113.87865392033376_22.61317748414232.png,0.4972950266358177,0.1054130021090815,0.4304809458458664,0.0976232396685111,0.282703054
201311_113.882861_22.6128348.png,0.6790707957274479,0.6427790779774304,0.326932533689771,0.7338166365953623,0.595649761
201311_113.9022082_22.590201799999996.png,0.0822834211190131,0.1115613362616925,0.1071432588337699,0.1066209570795422,0.101902243
201311_113.97215286575438_22.599851368800312.png,0.6793080134248087,0.5549760778188787,0.6312781219312339,0.4129612249764995,0.56963086
201311_113.9824091_22.594394199999996.png,0.6792836166158851,0.2510948113019441,0.631839427069312,0.7359176505725328,0.574533876
201311_114.0367137_22.625328199999995.png,0.6787672564116052,0.8024825154779335,0.5311121100559857,0.6055310234335606,0.654473226
201311_114.07813510000001_22.5592236.png,0.2930248216083025,0.3480354607634023,0.4302127287218417,0.7368635055606245,0.452034129
201311_114.1331646_22.6036264.png,0.592720560596378,0.253262655717554,0.3263403241846272,0.7367879674082581,0.477277877
201311_114.158799_22.6090681.png,0.0914472790451766,0.3483231239271775,0.7233472065266855,0.7747572644378573,0.484468718
201311_114.16919617982792_22.62714279983004.png,0.4959345010493515,0.2546253097563105,0.3265143412212234,0.1176673069772446,0.298685365
201311_114.1708255_22.6072058.png,0.5923069785376589,0.2548463221913097,0.3267451485512973,0.3373338191150795,0.377808067
201311_114.1832046_22.5984266.png,0.3995784839173547,0.255063294224625,0.2249463573431014,0.3378044024603343,0.304348134
201312_113.8235017_22.698809100000002.png,0.0911116477208695,0.2552771501410724,0.4300215724897915,0.6881767345464872,0.366146776
201312_113.83443584337306_22.74126975401547.png,0.093665812113056,0.5571097891078531,0.2244772940791383,0.337961344544589,0.30330356
201312_113.8374755_22.647390599999994.png,0.680170540017521,0.3480295058062364,0.4305493096302091,0.3382750109192856,0.449256092
201312_113.85777283738314_22.642709229323334.png,0.4951174776196243,0.4600124402359117,0.5329813847820266,0.3385578983368085,0.4566673
201312_113.876258209507_22.67064777876147.png,0.3999397697824332,0.1081836154407881,0.430749333575224,0.111585544234904,0.262614566
201312_113.8844253_22.668941099999998.png,0.0929707504230828,0.1106259142845818,0.4307053193818081,0.5069268668961948,0.285307213
201312_113.89281280000002_22.556411099999995.png,0.5941408952285839,0.4602932605400474,0.5327551851216383,0.7775410089111713,0.591182587
201312_113.9201526_22.757344299999996.png,0.3996682651970905,0.5575754064886227,0.5326953261484294,0.1128979647444847,0.400709241
201312_113.9429058_22.681555399999997.png,0.0945432216051766,0.2525044025799364,0.5322129080931506,0.7391854306428441,0.404611491
201312_113.9569087_22.710923500000003.png,0.0975186410006137,0.252329737355419,0.5320761790706805,0.1171244004893631,0.249762239
201312_113.96037321245348_22.71031364112373.png,0.0988648046174651,0.1147127379516685,0.101124538928373,0.1183706214604156,0.108268176
201312_113.9663157_22.5911024.png,0.400260848960528,0.7409475410028877,0.221027557456042,0.2549473301772119,0.404295819
201312_114.02460795663488_22.690583366445924.png,0.1000263573066525,0.3492026887956149,0.5317242682132068,0.338954570380198,0.329976971
201312_114.1465315_22.64902.png,0.1011354766425745,0.4610771478098094,0.5316621365177397,0.2555849210969025,0.337364921
201312_114.15496564402403_22.68774104495292.png,0.1021904341827654,0.2513610387028002,0.2209595894000393,0.256020442378078,0.207632876
201312_114.1675356_22.644914899999993.png,0.7844043834422836,0.3495472637330241,0.6368053452313888,0.3389818860476944,0.52743472
201312_114.18655560000002_22.637104.png,0.1031445446421236,0.2516283156751397,0.2211577919455832,0.4139454539671223,0.247469027
201312_114.19316369793675_22.635618175979587.png,0.4948974478056939,0.2516949203706358,0.2213704828590585,0.608119262753608,0.394020528
201312_114.1943834_22.631455699999997.png,0.1034376406426129,0.2517701023435908,0.3217013358258102,0.2554260892083754,0.233083792
201312_114.2010636_22.665965500000006.png,0.1043453032634791,0.4621291508093201,0.7292166236246475,0.118064013114401,0.353438773
201312_114.2148053_22.727966299999995.png,0.4012498333905287,0.55833961764541,0.2216839797548747,0.2555753998142859,0.359212208
201312_114.2280303_22.6858936.png,0.2901243353211152,0.1119518001757761,0.1004715102492121,0.1197328705941364,0.155570129
201312_114.2380314_22.670535799999996.png,0.2901181275244194,0.3493932952576557,0.3217059795952822,0.1204349084887622,0.270413078
201312_114.26495182895304_22.709595012731427.png,0.1054553089759881,0.2492115465901581,0.532585395802509,0.12199297596263,0.252311307
201312_114.2829641_22.722505.png,0.1061915737193189,0.6499130178026788,0.79184856065794,0.5087527953611192,0.514176487
201312_114.297774_22.668009000000005.png,0.1069040664139839,0.3493832220317472,0.4330091821271277,0.3392828586596323,0.307144832
201312_114.3024738_22.713602799999997.png,0.2896974727667191,0.4626769078519782,0.2202585974005696,0.6084187930771766,0.395262943
201312_114.3081115_22.7803939.png,0.2897856126184672,0.5592671109201119,0.7304825225988684,0.3392672480715533,0.479700624
201312_114.30882777640898_22.732776127722143.png,0.4015608527031938,0.2482857518096717,0.4328849639673884,0.254901769003677,0.334408334
201312_114.3115919864939_22.782113155236605.png,0.4017018741947281,0.5593231410526373,0.532026147515981,0.1208575588894831,0.40347718
201312_114.31522844727854_22.755518967676593.png,0.4969144723038438,0.1102446113834595,0.7928283778042038,0.1215299600469152,0.380379355
201312_114.32047496065323_22.79014665066662.png,0.4020442543694774,0.1113323353157037,0.2198380466440698,0.3395478218175315,0.268190615
201312_114.3210375_22.764714699999995.png,0.2898075197595199,0.2475751843724944,0.5318874848355668,0.121261736670989,0.297632981
201312_114.3589352_22.74361039999999.png,0.104241713067092,0.6505420927544685,0.5319326740781514,0.1223510151676452,0.352266874
201312_114.36616_22.6108985.png,0.7529932025785999,0.2472694953171549,0.4338025518697017,0.3399216405748043,0.443496723
201312_114.3839314_22.616090400000004.png,0.6877057101102858,0.5598987112348314,0.433698044593486,0.5105704784834033,0.547968236
201312_114.4100365_22.6964255.png,0.5998762252366273,0.1134817870268158,0.6397789372873185,0.2533019594204081,0.401609727
201312_114.4226865_22.63003519999999.png,0.7863479720532885,0.650416906275295,0.2188959651756406,0.1219670492349802,0.444406973
201312_114.44753853438388_22.59878176472855.png,0.6878706239767526,0.3471580745475497,0.7326732317205077,0.1223793232462929,0.472520313
201312_114.4766241_22.591292899999996.png,0.1031725451903448,0.747037023031226,0.4331913155133658,0.2534801894249026,0.384220268
201312_114.47875850000001_22.553592399999996.png,0.401730197509363,0.5598472187700122,0.6405507553230828,0.4164060025270774,0.504633544
201312_114.4840805_22.53794989999999.png,0.1029900418145259,0.6512311118812002,0.2185800930876159,0.1223339881954278,0.273783809
201312_114.4932418459449_22.59812495946907.png,0.6883773338686411,0.245569237016881,0.3195309263326341,0.3402192325039791,0.398424182
201402_114.2354072444943_22.717375951530183.png,0.4007906733120986,0.5605050577321194,0.218676287728551,0.6106498430276032,0.447655465
201402_114.30325706315772_22.703626619142224.png,0.4008512270911777,0.560519195473742,0.432484398662818,0.2511287982659256,0.411245905
201402_114.31282391584024_22.716085470930057.png,0.4946063091211153,0.3454607816590901,0.0954410425044256,0.1201217454795612,0.26390747
201402_114.3897088_22.742227699999997.png,0.1005217594269825,0.2443722238096534,0.5334688967408702,0.4165628643651785,0.323731436
201402_114.410324_22.6407317.png,0.4006202031698354,0.3447862777817088,0.6402750013359365,0.1210152828651509,0.376674191
201403_114.02884416138046_22.76146747143481.png,0.1003415294881542,0.2443172888044137,0.3184381807168587,0.121496378778004,0.196148344
201403_114.291943_22.670415299999995.png,0.1008467668926974,0.3447170619882139,0.3184593408054976,0.4166885070937198,0.295177919
201404_113.88194917077641_22.8155861177406.png,0.2878963330135173,0.2438295703364201,0.4322787311030413,0.1210828996462292,0.271271884
201404_113.8891361_22.658751799999997.png,0.2879484088064046,0.1087260795987934,0.6410129597374017,0.1215502865700447,0.289809434
201404_113.9381102174492_22.67214804135569.png,0.2878815269719582,0.2432947746847085,0.534214907179229,0.2479683882164152,0.328339899
201408_113.9440293_22.7980389.png,0.602649253886412,0.2433285925205749,0.4320434338759337,0.2481023429743649,0.381530906
201410_114.39313294679685_22.740476520102636.png,0.6026387591309507,0.6522515460436431,0.5341070590240914,0.4178801342281332,0.551719375
201410_114.401642_22.760514199999992.png,0.1011470329564254,0.871104631114802,0.8006535523653822,0.1219870739030568,0.473723073
201509_113.8842395_22.5070012.png,0.1021027174744514,0.3439006346639769,0.2162468203676697,0.3400342840313881,0.250571114
201510_113.9132915_22.4939517.png,0.6889255759846743,0.3440055892052397,0.4324551407602762,0.4177719811867662,0.470789572
201510_114.12311478463587_22.540428499015647.png,0.1025025511273329,0.3441120288737838,0.7365078786705949,0.3403706080457114,0.380873267
201510_114.141854_22.6526184.png,0.2872747916181756,0.5619638984273915,0.6418160079928967,0.2472030795314265,0.434564444
201510_114.1548433_22.612801099999995.png,0.1029324178511085,0.3437979883784925,0.0921354726018855,0.1201503267556628,0.164754051
201511_113.78989593872954_22.626797290819933.png,0.602942353695842,0.106553517293529,0.8594282548228537,0.3404591691626685,0.477345824
201511_113.8926971_22.590370800000002.png,0.3991162682932075,0.5622327768895525,0.7363008490239729,0.5132449056543353,0.5527237
201601_113.8745102_22.5675937.png,0.1025685150081301,0.2425689113890895,0.2157085289931717,0.5133249963208915,0.268542738
201601_113.91355756883638_22.578036885096644.png,0.1030133573450032,0.3434293029199729,0.3174219538320273,0.2467147303730191,0.252644836
201601_113.9205707480704_22.555670959071687.png,0.2870629617921872,0.2426350170982145,0.8017380066621179,0.3395860456642939,0.417755508
201601_113.9367483_22.5688907.png,0.1034155242301453,0.56255500284576,0.5335194798656585,0.1190389379593652,0.329632236
201601_113.95563_22.5731096.png,0.2869944512360938,0.4626183217645298,0.3171386283295002,0.6133221012676018,0.420018376
201601_113.97572705186109_22.58630829746072.png,0.1037488414542246,0.2420947830177133,0.7374635698370379,0.1198115106579482,0.300779676
201601_113.98643188363951_22.565336028740756.png,0.4970921974432821,0.1057705811745587,0.2158102483351263,0.246053412670724,0.26618161
201601_114.00555478492693_22.63003206862512.png,0.2864083887604602,0.3429057512574132,0.533507035086668,0.4178735234944908,0.395173675
201601_114.0135251_22.565275.png,0.2864466510386473,0.3430065011164906,0.4326148223397831,0.3397930205365889,0.350465249
201601_114.03942740028948_22.59325947934857.png,0.1039153133046408,0.2419078383789263,0.2154392621160805,0.1193407729014266,0.170150797
201601_114.0493319_22.6903141.png,0.2863757224485546,0.4623803841950796,0.859868281534532,0.1197555856451812,0.432094993
201601_114.04964802536469_22.65207090120377.png,0.7607730416630374,0.3430386702944158,0.2155071285813347,0.1201658503974643,0.359871173
201601_114.0712346_22.5696774.png,0.1042883295447539,0.4623909474950174,0.5334371363614353,0.2447655885874032,0.3362205
201601_114.10467809451235_22.63798504103764.png,0.2863107011721065,0.1041222792165281,0.7379779123698241,0.120459665539921,0.31221764
201601_114.1115713_22.576595899999997.png,0.1046356581823202,0.3434747500331935,0.2154531376350578,0.2441968327285147,0.226940095
201602_114.0076178_22.653348199999996.png,0.2862845112601774,0.3435840101581148,0.2155250178626787,0.3400545688216808,0.296362027
201602_114.1318184_22.558027199999998.png,0.8335386400938641,0.8714514844739368,0.0906181785697679,0.5143835964447467,0.577497975
201606_114.0391485_22.7282786.png,0.1049993955532185,0.2409321637691127,0.4337809576349118,0.3397705673346903,0.279870771
201607_114.1406262_22.5624803.png,0.1062178784570915,0.2409968262324804,0.6424291112651691,0.2436142513776501,0.308314517
201608_114.2805139_22.625256699999998.png,0.8329945414466741,0.1015079045358025,0.533355572276656,0.3401058908702885,0.451990977
201608_114.300297_22.5877188.png,0.7602076116478742,0.6539034995053169,0.5333391709977972,0.6139848304286071,0.640358778
201708_113.9089397_22.523997199999993.png,0.6906486720089138,0.6538974696385138,0.6422401622628646,0.61404816802573,0.650208618
201708_113.9153991_22.566538199999997.png,0.2863187540017506,0.4614424323366387,0.3154359335794634,0.1214233844954347,0.296155126
201708_113.9303359_22.515187099999995.png,0.6035469872640573,0.7527810841826897,0.2138838529751796,0.5153909055481944,0.521400707
201708_113.9439892_22.5486754.png,0.2862424144814839,0.6545828269636123,0.3152566114868918,0.6139850632371522,0.467516729
201708_114.1139086_22.538370400000005.png,0.1049341208261649,0.4610748509712021,0.3152692517189368,0.3394311220811974,0.305177336
201709_113.9344939_22.552632599999995.png,0.2861785580417388,0.6549545802809487,0.7389104825901701,0.3393392554242888,0.504845719
201709_113.943607_22.5605947.png,0.1052742162058103,0.5636329329805057,0.5342108591222436,0.1204447789880528,0.330890697
201709_113.96211397355088_22.531719062555634.png,0.8339212016150801,0.3427990597865129,0.4330427654007731,0.6142694309982905,0.556008114
201709_113.9639129_22.534823.png,0.3990176745779575,0.8244871410243402,0.3150916957926291,0.6142992311762554,0.538223936
201709_113.9994241_22.667688899999998.png,0.2857960301480524,0.5637575035010575,0.3149224347574832,0.6142221576369299,0.444674532
201709_114.0018234_22.667901699999994.png,0.2858364154323281,0.3423099881780466,0.0904933289860625,0.6980746532101785,0.354178596
201709_114.0144989_22.623911299999996.png,0.8339446386111367,0.34252698512489,0.5349439795940852,0.1198852332599528,0.457825209
201709_114.01594280000002_22.643162600000004.png,0.1046432975275883,0.4607725463324857,0.5349468821576798,0.4146780546628707,0.378760195
201709_114.0218923_22.6305483.png,0.2856471562211762,0.7546240526828519,0.6428227692823313,0.51647193670456,0.549891479
201709_114.0241351_22.6258048.png,0.1050016183585521,0.6551682165166195,0.6428358491310884,0.7926566908311872,0.548915594
201709_114.0333185_22.7434467.png,0.8333870847047011,0.6551652315022435,0.5352568252625848,0.6146270993886729,0.65960906
201709_114.03886620000002_22.64132529999999.png,0.6030123753270206,0.238840932868289,0.2134845445474731,0.4144177723155765,0.367438906
201709_114.0414485_22.640062199999996.png,0.5006073290980614,0.3423603587968383,0.4329568574067715,0.238997677049366,0.378730556
201709_114.0502404_22.601815099999996.png,0.3988019544652121,0.5642265276751927,0.2131616190439928,0.6985596452540745,0.468687437
201709_114.0569058_22.528170200000005.png,0.285162450331388,0.4601942694706593,0.3140615804330875,0.414460701458187,0.36846975
201709_114.06019570199695_22.61155481335208.png,0.1044350229583491,0.5641579307823259,0.3140770943852865,0.2385038697536531,0.305293479
201709_114.0612517_22.7125737.png,0.6908998580583934,0.2383056718793385,0.5357323584132118,0.6156759819178205,0.520153468
201709_114.06861678573122_22.721309304140785.png,0.6035594714329301,0.3415945046489422,0.0888072963937718,0.5159278773475499,0.387472287
201709_114.0696131_22.72285939999999.png,0.2849518825686231,0.4604019288921941,0.0895626463218183,0.3376586717968918,0.293143782
201709_114.0793126_22.562718900000004.png,0.6916022346274725,0.6557185987424491,0.8069606274017819,0.6160403551576636,0.692580454
201709_114.0871723_22.5609009.png,0.2849828760625439,0.7555421534605767,0.535632353904023,0.3377508403868547,0.478477056
201709_114.0946047_22.6365959.png,0.1044149637475033,0.3419327717426878,0.3138414329889794,0.4135012751719802,0.293422611
201709_114.1036659_22.633577100000004.png,0.7626857515275782,0.6560449023086777,0.4330887099523383,0.2375486841334477,0.522342012
201709_114.1064122_22.6536206.png,0.2847832282992962,0.7554000288250541,0.5356563158155148,0.5164993964694965,0.523084742
201709_114.1390699_22.549754199999995.png,0.3972950355328122,0.237386912272442,0.4334228161030995,0.6996259820288839,0.441932686
201902_113.78802927099669_22.681579777229107.png,0.5007834145943206,0.4597010746670419,0.5358310853714109,0.3375003207024105,0.458453974
201902_113.7968278_22.6764534.png,0.2839778025547169,0.6567123636257507,0.2113074709603984,0.3375842701031291,0.372395477
201902_113.8125536_22.742092199999995.png,0.1035623038966253,0.5645272745719225,0.7422061460638889,0.2371696108441021,0.411866334
201902_113.822293711952_22.708451784912096.png,0.6037729696452242,0.0980341186205944,0.0898345005303763,0.2372767714002256,0.25722959
201902_113.82461400636875_22.737846546103565.png,0.3974224001493028,0.6566184471782608,0.7421796222160274,0.4131103963873642,0.552332716
201902_113.86370289163905_22.8024886393656.png,0.6044068595861116,0.5649032759764289,0.535160598923028,0.5172317698094074,0.555425626
201902_113.8693476_22.598104299999996.png,0.2837320753910701,0.5649422398977102,0.7431108459151056,0.5173317077433938,0.527279217
201902_113.8941739734363_22.720864788587726.png,0.6044494318821022,0.3403571029978635,0.6441572041524086,0.8406532863383624,0.607404256
201902_113.91025928046581_22.57583711733693.png,0.6044216822831554,0.3404549583746594,0.5350260837186812,0.4127805592440114,0.473170821
201902_114.0317129_22.543413399999995.png,0.6927884799566231,0.6565319545831887,0.5349048023325608,0.5173826519120579,0.600401972
201902_114.04594474714749_22.567282191742024.png,0.3956402863343461,0.5657023802746044,0.4338351950151237,0.3359421646298437,0.432780007
201908_114.2393767_22.557769699999998.png,0.9256290941895816,0.6566517243720641,0.743528060673547,0.6171031877135171,0.735728017
201909_113.9015183_22.709992299999996.png,0.2832371924035252,0.4585507541336547,0.3133145475771971,0.7017940832954302,0.439224144
202003_113.88955644157302_22.798927053748397.png,0.395712149752531,0.4586254687737584,0.3133395279582895,0.2361041511147849,0.350945324
202003_114.0251856_22.63805.png,0.7658567551978138,0.5652941006819714,0.6454371444158564,0.6174544258122129,0.648510607
202003_114.1991135_22.709366499999998.png,0.5014694677950452,0.2353697341187734,0.8089565279261873,0.5177569228128631,0.515888163
202003_114.2000427014398_22.692087883164596.png,0.3959769860471848,0.6572054780929356,0.0892424877780273,0.2360537781470123,0.344619683
202003_114.23825474491608_22.69764445152608.png,0.6051546644331443,0.3393807786017538,0.6451833231823055,0.5178727105821831,0.526897869
202101_113.85384977720011_22.78301523471154.png,0.2830174723952862,0.33924466844881,0.2086048301924097,0.2355461024641497,0.266603268
202101_113.8825929_22.794455400000004.png,0.1004957028688494,0.4584173479625389,0.5353370056109993,0.7023654198646712,0.449153869
202101_113.888855_22.791229200000004.png,0.2829021653956062,0.4584901055676348,0.3131724371842217,0.4126630335174153,0.366806935
202101_113.90091646008864_22.799239870213608.png,0.1012388587687612,0.7575664488272317,0.5356202431552787,0.2345782673054585,0.407250955
202101_113.93861180000002_22.7661842.png,0.2828555372683867,0.6582689248291722,0.5354998931832731,0.5168504797402174,0.498368709
202102_113.91371846455706_22.760970536511298.png,0.1009709493633249,0.5655749179040982,0.4332663015875589,0.3333382426591503,0.358287603
202102_113.946745_22.740813599999992.png,0.1013384542496615,0.4584102502264995,0.6456272460738204,0.2342730935277526,0.359912261
202102_114.0434234_22.704722999999998.png,0.1016937525329055,0.7577497769582086,0.4327867462403588,0.6184245439819287,0.477663705
202103_113.77808539352496_22.70661859855536.png,0.1020459469959453,0.2342826004996898,0.0891929900990407,0.1105829208400462,0.134026115
202103_113.78774241091746_22.712710262476318.png,0.2823908835913003,0.3381183587538698,0.0898665522638065,0.2338615881482035,0.236059346
202103_113.8106956_22.774374599999994.png,0.1027310522888281,0.5655450920986433,0.2063521747028369,0.5176631957328688,0.348072879
202103_113.81288850694662_22.667950333592696.png,0.1030863803150635,0.3376931414145491,0.0897303941044327,0.1105689043211031,0.160269705
202103_113.82008186652787_22.75965661067105.png,0.1034389841621734,0.5657568962687729,0.8709732097518675,0.618471783082511,0.539660218
202103_113.8244835_22.775231100000003.png,0.1037889362963058,0.8324040922038248,0.6455161925532261,0.5178831643482723,0.524898096
202103_113.82636226744971_22.67478843036012.png,0.3960123950036782,0.5656700045436494,0.0903322107007373,0.4124940781237428,0.366127172
202103_113.8264963501249_22.68374108533307.png,0.2819290506055871,0.2341775656067572,0.0909838234210597,0.7042127298850013,0.327825792
202103_113.8352526_22.7190171.png,0.2819414520885193,0.4581574693063456,0.4331399673273378,0.1106310991907186,0.320967497
202103_113.837714_22.7391328.png,0.2819545454512811,0.4582284832538894,0.5359152086702066,0.8781049853214379,0.538550806
202103_113.84227470000002_22.765698599999997.png,0.103499118697602,0.5654402760637259,0.8704763274153646,0.6188427947998537,0.539564629
202103_113.8435713_22.621687999999995.png,0.5040830566115325,0.3367179806040356,0.535882849405066,0.3313010283418822,0.426996229
202103_113.8521336_22.690685799999994.png,0.695167304908117,0.5655069654645015,0.8136368450328976,0.231837823121257,0.576537235
202103_113.85770470000001_22.582482999999996.png,0.2812790635528227,0.6588927997787403,0.4334946883832621,0.7036129686689667,0.51931988
202103_113.86854584962914_22.602575394764475.png,0.5040411860927408,0.3365248947544192,0.6452925168319262,0.5166830370896461,0.500635409
202103_113.8770939_22.5847014.png,0.3962244793252181,0.565848644189355,0.7469431364152911,0.6194489105148517,0.582116293
202103_113.87880600086551_22.78372813730076.png,0.1032919990726822,0.4581657162952398,0.2042589219486042,0.3305798056117073,0.274074111
202103_113.8871678_22.50216539999999.png,0.3964611482428752,0.4582947936702654,0.312297187820095,0.516850139283674,0.420975817
202103_113.9070024_22.779004599999993.png,0.1013530357082794,0.2316578598399327,0.6461022530631125,0.7040140314016253,0.420781795
202103_113.9159635_22.4858451.png,0.6964264352396997,0.7617289921172603,0.312177543393108,0.4112417200433698,0.545393673
202103_113.9228765_22.525948399999997.png,0.1016378795217988,0.4582579990619934,0.4327998737352445,0.5154105193611613,0.377026568
202103_113.92463050000002_22.500260399999995.png,0.6088078247841585,0.7617990003393922,0.2032668569154194,0.5154577587654915,0.52233286
202103_113.9317217_22.5611119.png,0.6088291714904723,0.4582519588828152,0.4329525926081308,0.6206954957700344,0.530182305
202103_113.941758_22.503601700000004.png,0.396209006275581,0.6612758586464202,0.646823842413265,0.4109968079001354,0.528826379
202103_113.9429747_22.532584499999995.png,0.5026985468023477,0.564598933240082,0.312111644555812,0.411017429091998,0.447606638
202103_113.9572307259974_22.543175451827373.png,0.6970912248538104,0.5646080508349179,0.6468842573802147,0.7603660474020898,0.667237395
202103_113.9651074_22.569433700000005.png,0.610013319299089,0.335583959667539,0.3121705803801247,0.2290916026110225,0.371714865
202103_113.9772284_22.566765299999997.png,0.610036569197982,0.5648093871266527,0.4320589803735252,0.7055524591404221,0.578114349
202103_114.0028434_22.5361266.png,0.6100534255647212,0.8350290991358618,0.3123431093349313,0.51456354513015,0.567997295
202103_114.0214167_22.529604399999997.png,0.0997886594299729,0.7637149792527929,0.0874016831383232,0.62135781083963,0.393065783
202103_114.0295192_22.6753357.png,0.5036339908150924,0.3353544960904951,0.431852968800744,0.621391841254145,0.473058324
202103_114.0343637_22.714637800000002.png,0.1000149678571023,0.6608045169703795,0.3126909819166837,0.3288553895722828,0.350591464
202103_114.03556500000002_22.543814300000005.png,0.3960124160236304,0.3353963754124978,0.3127354069011762,0.7610868204918441,0.451307755
202103_114.0433253_22.542509600000002.png,0.610145478894383,0.4578305076570453,0.4314414089054134,0.5149564796342749,0.503593469
202103_114.0492532_22.503914999999996.png,0.2804025539094782,0.6611646867468413,0.2015030523073071,0.4104172809902178,0.388371893
202103_114.0552365_22.5092541.png,0.2803953306803096,0.6612081637383956,0.431590319710264,0.514732833364638,0.471981662
202103_114.05568005891669_22.668509965401316.png,0.099727475264264,0.230368376713196,0.5372888681173467,0.1069064997220474,0.243572805
202103_114.0727822_22.654202299999998.png,0.1000599042476064,0.0876587544248524,0.3125651330573501,0.6211640221022121,0.280361953
202103_114.08177436810324_22.71047882066633.png,0.3957484014477577,0.5651033427914589,0.3126090498534005,0.3284884065507354,0.4004873
202103_114.0931461_22.554121899999995.png,0.6104994722806567,0.6610513986608068,0.6478565819744809,0.409978973288063,0.582346607
202103_114.0970567909583_22.7181553287723.png,0.3955487045737891,0.2299964379148615,0.2013261550825571,0.1065361171338162,0.233351854
202103_114.097324_22.7009943.png,0.0992708388955763,0.3347070673796817,0.4313004027607059,0.5148619751626862,0.345035071
202103_114.0988453_22.704682299999998.png,0.2802090837626804,0.0876739477237742,0.6481453597916893,0.2270335550537929,0.310765487
202103_114.1102391_22.621661899999992.png,0.280202449103256,0.3349076268709973,0.3125048182738327,0.3281722791604003,0.313946793
202103_114.1198452_22.5910835.png,0.3954238815762561,0.7635050955030679,0.3125503106206819,0.5151323684804823,0.496652914
202103_114.12190805793112_22.627928023917203.png,0.5043036850476814,0.4569668288590403,0.5384823378261985,0.5151712933208373,0.503731036
202103_114.1227501_22.5559666.png,0.6109541334083425,0.6617206710006677,0.4308081957774994,0.6211368056856844,0.581154951
202103_114.1284662_22.625145700000004.png,0.3955009390551887,0.5653438358954723,0.2008322642884312,0.2270742112923721,0.347187813
202103_114.1462658_22.620422699999995.png,0.0983908357708724,0.229405098300082,0.2008452350437556,0.4100310345621459,0.234668051
202103_114.2151047_22.555198599999997.png,0.5045090031501648,0.0875739528762281,0.648303018607755,0.2266996717138569,0.366771412
202103_114.21793862646713_22.67803233370238.png,0.5045739761103017,0.5653562208426502,0.3119750001643129,0.5151840068914793,0.474272301
202103_114.2240115_22.690695.png,0.2792181264917266,0.229019250370728,0.5388168137835035,0.3267357904654451,0.343447495
202103_114.2358123_22.728261600000003.png,0.6108708217105404,0.8373203027810815,0.7473230131990991,0.886844996617137,0.770589784
202103_114.2422502421771_22.56227045019431.png,0.6108819112425119,0.4573500614684641,0.5385313178987825,0.2268603054601936,0.458405899
202103_114.24886032892263_22.70519218145229.png,0.8888213925592257,0.2286895847049559,0.4310036154114115,0.51541875858403,0.515983338
202103_114.2580832_22.585963900000003.png,0.2790681057906352,0.3337801142653062,0.2005809526265122,0.2268532498418509,0.260070606
202103_114.2781623_22.7481021.png,0.0983331218642399,0.6613293458377999,0.5384287309686863,0.3257422938612266,0.405958373
202103_114.30650090000002_22.600766799999995.png,0.3955255111646026,0.3338380338026173,0.7479178926720127,0.7078181818468275,0.546274905
202201_114.2731717_22.634134700000004.png,0.8509051394746957,0.6613988410900428,0.6491247831449354,0.7622881816933468,0.730929236
202202_113.90250819161481_22.798201494461292.png,0.3955798016551285,0.333896205080495,0.3112389023893884,0.8104019944943657,0.462779226
202203_113.8044636404817_22.67523148030025.png,0.5051781508469392,0.5659848608369186,0.3112780067487127,0.9115184533831496,0.573489868
202207_114.0390344_22.565740199999993.png,0.5052410311579419,0.4564495758430976,0.4306619444207537,0.3257815758600639,0.429533532
202211_113.78291956179339_22.7216500714381.png,0.5053529461385853,0.4564468158555777,0.649429976670681,0.3255254119139145,0.484188788
202211_113.78807238764684_22.679775888856494.png,0.097232912898112,0.4564978110511294,0.5388165852828456,0.3255551120933522,0.354525605
202211_113.7885606_22.738446.png,0.2777599196965962,0.6624274727614758,0.4305843017333838,0.708394906197036,0.51979165
202211_113.79437007537138_22.682460288185617.png,0.3967149945904145,0.456285422968116,0.6493220143991311,0.5151994679030042,0.504380475
202211_113.7957707_22.7341786.png,0.2779451086622945,0.7650731414434234,0.5387979947882686,0.7627387323223319,0.586138744
202211_113.8017865_22.6838826.png,0.2776914658145803,0.4557651693124769,0.4308327922312182,0.5147990420023307,0.419772117
202211_113.8041727_22.7795268.png,0.3963218530629775,0.4558066008491186,0.6493047815299986,0.5148352054183782,0.50406711
202211_113.8082633_22.674981199999994.png,0.2778686690680009,0.5649470154764992,0.3109715720231311,0.4094098872224835,0.390799286
202211_113.8100430382602_22.746583540331518.png,0.0968394889223012,0.5646728578496323,0.3107989821930887,0.6207401699646256,0.398262875
202211_113.8109161_22.7844666.png,0.2776640402790926,0.0861916746573486,0.1993888386067924,0.2257337153103866,0.197244567
202211_113.8131533_22.734941999999997.png,0.3960387153100663,0.6635648639919084,0.649229481730501,0.7635275563295094,0.618090154
202211_113.8169133_22.7276972.png,0.2778399204583495,0.7653842392997575,0.430327506896055,0.225837612270759,0.42484732
202211_113.81788238289876_22.73720803948338.png,0.2778220469931822,0.4558894780951792,0.539431826272603,0.8109415790632266,0.521021233
202211_113.819258_22.731765400000004.png,0.506417182274407,0.455927093545359,0.4304242838851574,0.3236923840236994,0.429115236
202211_113.82000803448553_22.737425312514915.png,0.0966145239822819,0.3340497155919859,0.4303681726690688,0.2261035789139916,0.271783998
202211_113.8222678_22.6425994.png,0.096944143879756,0.334134674281183,0.5391421102817409,0.4092453404170117,0.344866567
202211_113.8262261_22.649557699999992.png,0.6108013779668773,0.3342207804620711,0.5391714418386607,0.1017324838801451,0.396481521
202211_113.82747384253616_22.615966911644556.png,0.5068676530398527,0.5647884083253908,0.5391994736981386,0.3236172833042851,0.483618205
202211_113.8291359_22.6271889.png,0.0970963552705274,0.2257139831191197,0.3101804996046364,0.2253554111230055,0.214586562
202211_113.8319583_22.794324499999995.png,0.3964102678846755,0.0851208938472106,0.0804481229288748,0.2254592316800975,0.196859629
202211_113.83265292629095_22.7449197751454.png,0.5066839765541334,0.9338526558423348,0.5394389442459371,0.322792559929366,0.575692034
202211_113.8347799_22.784325.png,0.2764757472962245,0.3338187542119088,0.5394667829932719,0.7105874082279423,0.465087173
202211_113.83586272797584_22.70472169611849.png,0.2764536054230963,0.6641783857390691,0.5394934142007506,0.4086560470568131,0.472195363
202211_113.836346_22.638564300000002.png,0.3964536372944637,0.5651367590477792,0.7511832552357208,0.4086927388005232,0.530366598
202211_113.8379821_22.8048093.png,0.773777366211902,0.3335644556832998,0.1978870851473604,0.2248242026496799,0.382513277
202211_113.83840317386104_22.70831987854843.png,0.3965111880670969,0.8405886627279266,0.1978965234574714,0.1008130670195146,0.38395236
202211_113.8409071441885_22.61114609385476.png,0.5063918989826124,0.7666518587043263,0.5392555752676513,0.5139928353928074,0.581573042
202211_113.8436113_22.612272900000004.png,0.2765202395411982,0.0846516490566277,0.5392783602963859,0.4090168410420463,0.327366772
202211_113.8452123_22.763892499999994.png,0.2764970314152487,0.4549309476100155,0.3088327103119123,0.7109543261112103,0.437803754
202211_113.84852700762849_22.610222404648848.png,0.6106781721933165,0.3339060054141566,0.7517023375752752,0.5133573735653887,0.552410972
202211_113.8492719_22.793544899999997.png,0.2764115353098748,0.4547037656936083,0.539216963239035,0.2237591872157075,0.373522863
202211_113.8523632_22.618814899999997.png,0.9203174133641194,0.2245143263800009,0.649282652582063,0.6218734291949372,0.603996955
202211_113.8551969_22.763327199999996.png,0.6105893991121397,0.3338076938964362,0.7518604447784506,0.1008500257909685,0.449276891
202211_113.85560042621323_22.806993254660956.png,0.5076917911960818,0.5649640134118066,0.1979544693577392,0.4089695555083554,0.419894957
202211_113.8575257_22.717668000000003.png,0.3961318231202652,0.8404211652583644,0.6498610436217591,0.5133036777028909,0.599929427
202211_113.8596726_22.652348399999997.png,0.0951217182842095,0.5648753060225866,0.3083682513187729,0.7113348975208157,0.419925043
202211_113.8635362_22.560423499999995.png,0.3965995434842213,0.7686571043700852,0.5397701758925545,0.409119041745832,0.528536466
202211_113.8704171_22.562697100000005.png,0.0948969058850222,0.3329762295080311,0.539790593419432,0.5123326778062088,0.369999102
202211_113.8722763_22.551879099999997.png,0.0952273622028946,0.6639887433608017,0.8205760774938333,0.4092948112763798,0.497271749
202211_113.87349693118158_22.585965639453615.png,0.3968728943931906,0.3330393571274734,0.3080522447162697,0.5120363764806697,0.387500218
202211_113.8795867_22.5997255.png,0.7033605692264351,0.333129318752317,0.6493565957486213,0.6228370372739548,0.57717088
202211_113.88136_22.584475199999996.png,0.3968682529618764,0.2246922188375812,0.7529845616882528,0.512274476886557,0.471704878
202211_113.8822775_22.5709209.png,0.0946065544346452,0.082650294475789,0.5398450861279113,0.4093100002110026,0.281602984
202211_113.88679688991533_22.57914480276345.png,0.7035628873299542,0.3330356562980915,0.3078937076223845,0.7649193037813395,0.527352889
202211_113.8878473_22.7457221.png,0.2758720461240315,0.7684107097671781,0.7532565286498437,0.5117996587957349,0.577334736
202211_113.89438222471337_22.73412834603495.png,0.2758453005288318,0.8406228697200643,0.0778803797217052,0.6224917694593309,0.45421008
202211_113.8992378_22.5719486.png,0.0949257792072531,0.5651797982678917,0.4308552966529375,0.7128739602607193,0.450958709
202211_113.90574290000002_22.577700399999998.png,0.0952536320914019,0.4540623361489447,0.4307837639120551,0.7652000790880693,0.436324953
202211_113.90896476644085_22.56979410159586.png,0.6120925840580863,0.4541081801241576,0.753291974646716,0.4091101133339178,0.557150713
202211_113.909002_22.5679899.png,0.396563596923449,0.6644127749548161,0.820437154012298,0.4091489160620963,0.57264061
202211_113.9117943_22.665487700000003.png,0.2756086322545017,0.4538952553661058,0.6510139874173692,0.898403290233868,0.569730291
202211_113.9159803_22.655209499999998.png,0.3964675330545951,0.3331549799474911,0.07829335265175,0.2200307565485029,0.256986656
202211_113.921566914685_22.692212677311126.png,0.2757914144532926,0.4536410188842759,0.6510759888202925,0.713354865267962,0.523465822
202211_113.9227536_22.727050399999996.png,0.5065669772343403,0.4536845722352537,0.5395437533864802,0.5105355409707805,0.502582711
202211_113.92292441756912_22.689422567040562.png,0.7751342486949016,0.4537277501151111,0.5395543389017257,0.5105610395939119,0.569744344
202211_113.9263628_22.5912654.png,0.7752048648683031,0.5643853713543555,0.4307354838770583,0.5105864426036982,0.570228041
202211_113.9360468_22.758895699999997.png,0.5067315034246415,0.3332903857079523,0.4308528297911721,0.4092408238762713,0.420028886
202211_113.94225220000001_22.753719199999995.png,0.6114062121793311,0.2226929052577323,0.651062136787453,0.409282152707644,0.473610852
202211_113.9432455_22.587066.png,0.3963972476130138,0.2226327247010347,0.308390919953043,0.7141457815590895,0.410391668
202211_113.9570976_22.583883199999995.png,0.2752538404280502,0.9017137732911704,0.0781046758112067,0.509793615842781,0.441216476
202211_113.95836790652298_22.69236529229209.png,0.2752240016739964,0.4538944571608588,0.5396788625705325,0.2192438988353622,0.372010305
202211_113.9724363_22.693400699999998.png,0.0938611675355558,0.3328901536986088,0.4305721719844728,0.2193340848155336,0.269164395
202211_113.98367039433224_22.672815120621834.png,0.2750171617430461,0.3329839768764224,0.1949218224524529,0.3196174672329381,0.280635107
202211_113.9858528_22.704467899999997.png,0.2749917373582956,0.0803176227860351,0.6511677013596634,0.6237347612224046,0.407552956
202211_113.9905027_22.681737499999997.png,0.0942476156322431,0.3331946438226048,0.4305147365246024,0.4089256581249916,0.316720664
202211_113.996054_22.668308199999995.png,0.0945796852552429,0.2221833896457444,0.0784929926006802,0.3198146352104587,0.178767676
202211_113.9984381_22.681373299999997.png,0.0949097682474278,0.4531540684316643,0.539597409044464,0.6240972194952493,0.427939616
202211_114.001936_22.656943199999997.png,0.3961897544315425,0.3330905835525554,0.1939370047997125,0.5103656184418556,0.35839574
202211_114.0032842_22.655026699999997.png,0.2746232913400656,0.3331900556334547,0.5396262797567128,0.5104002701172466,0.414459974
202211_114.0051723768474_22.681067740455443.png,0.0948153676791701,0.333289883001256,0.1939404439289148,0.4085194055632713,0.257641275
202211_114.0078292_22.639066599999996.png,0.507041691736728,0.6660162470041024,0.307378651435079,0.6237154590205913,0.526038012
202211_114.01052248887245_22.649428427414882.png,0.3965811769612234,0.6660924680522632,0.4311847225885261,0.7149852267401609,0.552210899
202211_114.01569978609133_22.728512338937833.png,0.3967648413614756,0.3335678693849616,0.0783496694026655,0.0963378309286433,0.226255053
202211_114.0163689_22.653706200000002.png,0.0940626940873737,0.2213787386941495,0.8223510972892714,0.7151783420671736,0.463242718
202211_114.0191639_22.662296299999998.png,0.2743367663502258,0.5655514157040102,0.5396480906499878,0.7151507196575485,0.523671748
202211_114.02076763342716_22.6417675560083.png,0.5066039438716169,0.6659225113123534,0.5396609880052439,0.5092158498071571,0.555350823
202211_114.0226689_22.6581417.png,0.2737079483713977,0.8434903493455094,0.3072529623701359,0.7658509014758037,0.54757554
202211_114.02556840000001_22.630214099999996.png,0.0942532946819298,0.3331454059449845,0.6506585672727263,0.4084554458582574,0.371628178
202211_114.0271165_22.5685268.png,0.3973808745792135,0.4507417721776779,0.0781844831332168,0.7659024769685739,0.423052402
202211_114.02749850000001_22.661723400000003.png,0.5062069506118474,0.6659335511129103,0.65095965488165,0.71684379193488,0.634985987
202211_114.0294217_22.556639199999996.png,0.506276674701385,0.4505461772493752,0.0788014697019397,0.5075311249190735,0.385788862
202211_114.0314997_22.736269000000007.png,0.0935446031688688,0.2204659309441372,0.4309931806136429,0.3194974977302655,0.266125303
202211_114.0336272_22.661090499999997.png,0.0938664341517051,0.7706591929869703,0.430919887354794,0.625247497222356,0.480173253
202211_114.0358766_22.6473671.png,0.0941865306902875,0.6666205499941043,0.6514671001642249,0.8162124313710742,0.557121653
202211_114.03708640000002_22.7299134.png,0.3983777036214299,0.0794885860306828,0.5398630284068759,0.7668252412578421,0.44613864
202211_114.0383343_22.670064099999998.png,0.5060065996960815,0.6666724090607158,0.1904248456085825,0.5078154039303291,0.467729815
202211_114.03978245388089_22.60607904267013.png,0.2726218007818531,0.7702167675353908,0.6513496944348904,0.5078380976940082,0.55050659
202211_114.0411497_22.561641499999997.png,0.3985842123644473,0.4501667221643603,0.7560590972431057,0.5078608789270689,0.528167728
202211_114.0438439_22.556771700000002.png,0.272815481667623,0.7702361019123358,0.5398380952301067,0.7182634328729306,0.575288278
202211_114.044294_22.550718700000004.png,0.2727864379563754,0.7702005773578368,0.8238596500421238,0.8161944061565343,0.670760268
202211_114.0445563_22.536196300000004.png,0.7094214163561113,0.3334296904535164,0.539766703080187,0.8162353296409809,0.599713285
202211_114.0510165_22.551339899999995.png,0.5058617780036284,0.6682068453658364,0.5397754846576355,0.6243196440576899,0.584540938
202211_114.0519255_22.7122363.png,0.0935376443815644,0.0794214829450292,0.1904477602627987,0.318674912313321,0.17052045
202211_114.0544058_22.6444327.png,0.2722537311635944,0.3336318819541213,0.7578533301808386,0.5079816120626863,0.467930139
202211_114.0558493_22.615251100000002.png,0.5060870457667589,0.8444003267214558,0.6516823453504511,0.407709482199839,0.6024698
202211_114.0578282_22.578562.png,0.6119730235619684,0.3337574402949169,0.757701793783467,0.3186982725129543,0.505532633
202211_114.05853155717254_22.724492512449242.png,0.5065755491170941,0.6679641831604215,0.3067645483517822,0.62446165599729,0.526441484
202211_114.059173_22.6942178.png,0.506638827745173,0.5660012969768947,0.6523537689962273,0.7691463802427104,0.623535068
202211_114.0597178_22.624512499999994.png,0.2713388367479599,0.2194238348438373,0.4310364876310746,0.6243131880456186,0.386528087
202211_114.0627656_22.5229418.png,0.3988960903512574,0.7711015519943768,0.5397935558726682,0.6243748971150389,0.583541524
202211_114.06487710000002_22.633098699999998.png,0.5064908823114385,0.6681910229690557,0.5397977413400723,0.5084353142926007,0.55572874
202211_114.0665036_22.627860199999997.png,0.2712705098425888,0.0790701818544801,0.7579815441800344,0.2171207603901719,0.331360749
202211_114.0679141_22.563537199999995.png,0.0930983338956387,0.218877966722874,0.5395497401715811,0.2172026543888856,0.267182174
202211_114.0714429_22.5480405.png,0.2710225248246002,0.6682094257639654,0.5395503722934588,0.8170294280423761,0.573952938
202211_114.0746631_22.6338718.png,0.0934632359977171,0.9061794480291392,0.6524110440085502,0.5085147816559372,0.540142127
202211_114.09092050000001_22.701566099999997.png,0.0937428465830988,0.2185551108651272,0.1902359742930997,0.0930918950090761,0.148906457
202211_114.0909805_22.5517268.png,0.3991511690873919,0.9430731825463606,0.5397922558187565,0.6239888072055728,0.626501354
202211_114.0963676_22.572977699999996.png,0.5061971551394738,0.6681496980519052,0.3055287876874589,0.7187882552232554,0.549665974
202211_114.1035643_22.6872075.png,0.3995676039945904,0.6681803012781483,0.3055406412529107,0.3172649191549149,0.422638366
202211_114.10629653022042_22.69430970272127.png,0.5058880856294685,0.4482855434129733,0.5402275285626086,0.5083369036210116,0.500684515
202211_114.1079496_22.572552100000003.png,0.0930485590362808,0.6684450620762203,0.3053821543105181,0.8177857616879521,0.471165384
202211_114.112463_22.71322719999999.png,0.5059614253414282,0.0792657876475196,0.4318163773048157,0.719018190775814,0.434015445
202211_114.1129015_22.5992305.png,0.269981556915342,0.3328496397040988,0.6521194414158152,0.4064605155418627,0.415352788
202211_114.1182373_22.5657563.png,0.6113064753420144,0.848505983855003,0.540507497018079,0.5076448424466671,0.6269912
202211_114.1204075_22.6482116.png,0.6113806922237218,0.2177994927096975,0.4318120169540509,0.3170755191298367,0.39451693
202211_114.1265996_22.6505152.png,0.0931652273970599,0.5667057807182657,0.4317132362631323,0.6248332347883404,0.42910437
202211_114.1297294_22.571899599999995.png,0.7116199284737588,0.667945081333797,0.6524048212154617,0.7190071527171649,0.687744246
202211_114.1347208_22.689938899999998.png,0.0934879701770285,0.6677371477337585,0.3060843792586868,0.5079210930308251,0.393807648
202211_114.1362693_22.6242506.png,0.3995330299292296,0.4479424199526534,0.5406308828646371,0.5079456286500681,0.47401299
202211_114.1413619_22.633429600000003.png,0.0933950740595734,0.3319988389064339,0.1888732349918099,0.2161401807459171,0.207601832
202211_114.1486314_22.6915968.png,0.0936977125985928,0.3317464515298651,0.4318032612013987,0.5076140678779197,0.341215373
202211_114.1655038_22.5668733.png,0.269104046851817,0.7716447141860389,0.4317100613381983,0.6249647351905567,0.524355889
202211_114.1903821_22.654378699999995.png,0.2690792322163991,0.4472287719003925,0.1883429927123096,0.9093524648667882,0.453500865
202211_114.19179562381086_22.63432322223352.png,0.6120829659382312,0.447292538839357,0.0756708388342863,0.8759152451825386,0.502740397
202211_114.2071742_22.712280299999996.png,0.0940252671908469,0.6689649776618295,0.6527044628128393,0.5078742899179421,0.480892249
202211_114.2111792_22.658679700000004.png,0.5072001804293302,0.6689924348448036,0.5405809260840668,0.7193076728565614,0.609020304
202211_114.2152921_22.6662057.png,0.2684863729923721,0.8499697095124091,0.6525709498793517,0.7720899498242845,0.635779246
202211_114.216765_22.6974888.png,0.3993309800223841,0.4469218552363561,0.7585000618949721,0.6250072903077645,0.557440047
202211_114.21723136608922_22.72370956084027.png,0.7116636044406272,0.5668737929335628,0.3051754449932944,0.507777098431419,0.522872485
202211_114.2197791_22.7005555.png,0.5067128357962837,0.566870919420996,0.4314128175590864,0.507797309898179,0.503198471
202211_114.22552806929458_22.72382851725978.png,0.0937255756609285,0.4475380143367595,0.1873643190043291,0.6245413022919769,0.338292303
202211_114.22642830617639_22.700759857544092.png,0.7121946467836393,0.4475936034128764,0.6534730808923443,0.5080842119460398,0.580336386
202211_114.2273256_22.557942800000003.png,0.6127332173328918,0.9102506920803288,0.3049976068398265,0.6243309503836268,0.613078117
202211_114.23005136136408_22.7412320600931.png,0.6127883562337226,0.5662666040237073,0.7583037285198848,0.2155170944914919,0.538218946
202211_114.2301294_22.737622900000005.png,0.2680806793055837,0.4479332803425649,0.3050342957676166,0.3135635353601072,0.333652948
202211_114.23443416997084_22.70443946701597.png,0.3989434798657156,0.5659762726039026,0.8260418493437606,0.6244003105030903,0.603840478
202211_114.2361757_22.730064800000008.png,0.5071176359839965,0.44826286167545,0.1876493239764123,0.508917555794494,0.412986844
202211_114.24092502102194_22.72834490326265.png,0.8196067114992747,0.668718240602985,0.4308677541846158,0.5089376828326238,0.607032597
202211_114.2417927_22.721100999999997.png,0.0933410699759423,0.4480948639009147,0.3048672719623388,0.4062487200082278,0.313137981
202211_114.25240049211995_22.71598604493676.png,0.2677788310147652,0.3314702001422536,0.1875017139714332,0.6241927404323465,0.352735871
202211_114.2553826_22.7219132.png,0.6123960103530839,0.5659005711729389,0.430646829920542,0.5088328364996801,0.529444062
202211_114.2597717_22.748227099999998.png,0.0936394507257103,0.4480009222604457,0.3046832341675426,0.623978744843849,0.367575588
202211_114.2690539_22.690821300000003.png,0.0938658682345991,0.2146904844363487,0.6543670255848975,0.406020819357481,0.342236049
202211_114.2760337_22.7631342.png,0.2669045647670957,0.4482485506367101,0.6544539114177852,0.4060311861244568,0.443909553
202211_114.28544010000002_22.781407799999997.png,0.7816844901898492,0.0763693119342619,0.5413686577163073,0.3139109424373901,0.428333351
202211_114.2873667_22.697519499999995.png,0.5073482341244188,0.774681119853582,0.541381481441194,0.5081736635264925,0.582896125
202211_114.29145377862082_22.72440749735727.png,0.0936818506620455,0.4482581965821635,0.5413934004610275,0.5082015500264332,0.397883749
202211_114.2954426_22.676837.png,0.2665944182472816,0.564249583944656,0.4308382500498389,0.5082289303650562,0.442477796
202211_114.3011382_22.6976226.png,0.094059446943442,0.5642501147235485,0.6542335496594719,0.7747678752548757,0.521827747
202211_114.30676170000001_22.6703835.png,0.8660638630612588,0.6700295016927318,0.5414751432261576,0.6235540669756743,0.675280644
202211_114.3072554_22.766458099999998.png,0.2662947458272109,0.3309166842420719,0.5414851900073313,0.3132482703244352,0.362986223
202211_114.31441280650962_22.67996343438464.png,0.7144579642996726,0.8529533537462809,0.54150288894559,0.5088985333326128,0.654453185
202211_114.3162351_22.766853299999998.png,0.6119198535317985,0.4480107497453653,0.1867254769055696,0.4055398764932394,0.413048989
202211_114.3254350036764_22.68151625721614.png,0.0945503456476744,0.5647203650241666,0.4318978100753841,0.6236864830078368,0.428713751
202211_114.33041262094612_22.699174530065097.png,0.0948800735019167,0.3304445331281167,0.3033172879160063,0.5088498885662038,0.309372946
202211_114.3351278_22.708945700000005.png,0.8671496046766985,0.6698333459284943,0.6532986323467258,0.7216606213117245,0.727985551
202211_114.3404670682303_22.697019432676996.png,0.0951766458686418,0.3305261349386076,0.3033433090466372,0.4056760910493522,0.283680545
202211_114.3459751_22.707297799999996.png,0.2650348939374351,0.3306241855944807,0.6534222019937349,0.0866271890107879,0.333927118
202211_114.3511078_22.681715400000005.png,0.61229372410623,0.5656218143177549,0.6535183840363843,0.5082034264928021,0.584909337
202211_114.3569203_22.6889893.png,0.6123197337809131,0.5656234298909871,0.4306761726504389,0.6240689721957233,0.558172077
202211_114.3658786_22.743978499999994.png,0.2646534360740056,0.5659589884072651,0.4304803804389149,0.6241892062952854,0.471320503
202211_114.368547_22.736087599999998.png,0.8673628646805104,0.5659552886282045,0.4303860131795855,0.3126554091355208,0.544089894
202211_114.37215326558275_22.730109705730648.png,0.7140362743600177,0.6688792762444715,0.6543932016854771,0.7210317008639912,0.689585113
202211_114.3734899_22.7272945.png,0.2646493879788865,0.6689294653987927,0.6544900689350686,0.3126776541460152,0.475186644
202211_114.3769458_22.689101.png,0.7142537912230394,0.4470531329033699,0.3047246892791678,0.3119951101115188,0.444506681
202211_114.38063190000001_22.6953099.png,0.0947668300300606,0.2134554153712653,0.4295781258103319,0.8254005087084649,0.39080022
202211_114.40298750000001_22.696152799999997.png,0.3984097871117947,0.7773674743869461,0.7600378142681825,0.4035678375208263,0.584845728
202212_113.77643691902465_22.689496014406288.png,0.3985166968093103,0.4475442917645127,0.3053091427553958,0.2133226563464542,0.341173197
202212_113.7773688_22.700072399999996.png,0.2650885965487873,0.6696573464594384,0.7601218808842559,0.4037461249494933,0.524653487
202212_113.78080880458923_22.697984700257628.png,0.6138895056880751,0.914045044422926,0.4290389666264398,0.5082418314685481,0.616303837
202212_113.7951026_22.699638300000004.png,0.3980658710104452,0.7773992043570139,0.4289534971449915,0.4040163825012983,0.502108739
202212_113.79688929487973_22.680480331073678.png,0.3981679026831057,0.4473701709564159,0.3059013456879814,0.4040434986357563,0.388870729
202212_113.8052854_22.6785739.png,0.3982672992926481,0.7774145931159271,0.0689990767366039,0.5073734578546648,0.438013607
202212_113.81152624040243_22.669452211760223.png,0.0929093249250255,0.3294241768197927,0.4285772631003543,0.3128380780313279,0.290937211
202212_113.8150205_22.6618553.png,0.0932417695799898,0.5657456857881711,0.4284980851896349,0.6254902006070707,0.428243935
202212_113.822997_22.673369699999995.png,0.5065590734948238,0.9139200883027554,0.6571478285327366,0.7213674557373968,0.699748612
202212_113.8333147_22.5931892.png,0.5066269975030178,0.565704013740819,0.1831490766914324,0.5076522895455688,0.440783094
202212_113.84548710000001_22.595948799999995.png,0.6138806307068566,0.6700923879117876,0.0695159452210354,0.5076939453249635,0.465295727
202212_113.8455067_22.571828900000003.png,0.2645646802894852,0.2129051468961454,0.3063825269455879,0.5077346276656276,0.322896745
202212_113.8545129_22.757254.png,0.2645563663742474,0.6701288488847469,0.428137836598796,0.6253087260046502,0.497032944
202212_113.8597812_22.757076.png,0.2645496947427272,0.5664314969644175,0.6574543864588198,0.5080601410716996,0.49912393
202212_113.86139183326183_22.587593857146626.png,0.7146293588903242,0.3282266189181784,0.3066853978790256,0.3119620243725746,0.41537585
202212_113.86693239299775_22.5059467417505.png,0.398240834102018,0.447200495881315,0.427600059504669,0.082418707525102,0.338865024
202212_113.8680685_22.5560727.png,0.0929595989459077,0.8595419186207104,0.6577473747945524,0.2120175652051114,0.455566614
202212_113.87041220000002_22.5580962.png,0.2644833291738951,0.5662195775971337,0.5418265126537166,0.7218530046717536,0.523595606
202212_113.8707263_22.568021299999998.png,0.3981678930715542,0.0721417110570415,0.5418508881467554,0.5081197406843435,0.380070058
202212_113.8757923_22.514260899999996.png,0.09292356865998,0.3283407040855715,0.6572981596423938,0.3111715074296688,0.347433485
202212_113.87765440000001_22.775584799999997.png,0.6151816071262657,0.6696342106106548,0.6573928385934691,0.6255248747428338,0.641933383
202212_113.8790194_22.5608856.png,0.2643661618680208,0.4469206174412723,0.7591365955226804,0.625596485343471,0.524004965
202212_113.881676_22.5046663.png,0.0932323889397388,0.2119720433943725,0.54220871404229,0.5089745578101059,0.339096926
202212_113.8839338_22.792216499999995.png,0.0935652214329324,0.4471283160023074,0.3064214139407041,0.4031807838127227,0.312573934
202212_113.8850943_22.7812449.png,0.093896111364712,0.9134277671894516,0.8300276362825395,0.7216946256916144,0.639761535
202212_113.8871212311432_22.59073404108649.png,0.6152282907671917,0.6699347541634708,0.3064263983581312,0.8279006248489277,0.604872517
202212_113.8873515_22.494999999999997.png,0.5078641074142498,0.3283360692786716,0.5425548146348409,0.0819194018403769,0.365168598
202212_113.891474774064_22.785579979547432.png,0.3987261797294509,0.6705831873294316,0.3065526886159652,0.6262159719107934,0.500519507
202212_113.8915262_22.7874822.png,0.6145344561378441,0.4462799856197892,0.3065531819498595,0.6262725929937896,0.498410054
202212_113.89180624418951_22.79290449136687.png,0.2629505336559722,0.4463309534933125,0.1825575311573472,0.2116498272209082,0.275872211
202212_113.8943005_22.776301499999995.png,0.0937529489575127,0.5661979240684518,0.8985186529733227,0.6263339069554175,0.546200858
202212_113.8982409_22.550873.png,0.786296871743809,0.6704762485560779,0.6571048476026315,0.5098749664177126,0.655938234
202212_113.89919588637308_22.514262033985645.png,0.6142671145021837,0.446880217929901,0.305912011298788,0.3096789525274532,0.419184574
202212_113.90245330000002_22.580992999999996.png,0.3981891927177228,0.4469216890823512,0.5434437828454487,0.7208409361280858,0.5273489
202212_113.9048747_22.5351983.png,0.2624485668863712,0.5659289414807184,0.4267707119064985,0.6268075073986705,0.470488932
202212_113.9088971_22.5624485.png,0.2624590674953981,0.4473175242323257,0.426691301736867,0.6268500715266726,0.440829491
202212_113.909758_22.487155499999997.png,0.8295316099078545,0.5655808442890021,0.7613389449049283,0.8822717333995834,0.759680783
202212_113.9112664_22.481579000000004.png,0.6143286852273789,0.7809079412675539,0.3063414530474009,0.4011585859729596,0.525684166
202212_113.9144565_22.508373499999998.png,0.2620448816883323,0.565554788850487,0.3063413248828469,0.6268942436329599,0.44020881
202212_113.9169837_22.524702500000004.png,0.7157538362698942,0.7811830588197678,0.4257518648972164,0.834264741667216,0.689238375
202212_113.9185767_22.7716986.png,0.508845028201365,0.7811377990171045,0.6582678571818092,0.4010029939858729,0.58731342
202212_113.9200199_22.4932087.png,0.0937239424445688,0.5651342900242331,0.1822766616789152,0.8807094174875567,0.430461078
202212_113.9224188_22.538887600000006.png,0.7162714286912072,0.6718543043015646,0.7607643917167171,0.7822128130108007,0.732775734
202212_113.9239898_22.504820799999997.png,0.5086559212998221,0.9163508146733662,0.306185822588122,0.401050508403449,0.533060767
202212_113.9270181_22.5401367.png,0.7167670600211572,0.4477168361662233,0.7608472466661557,0.5092561699614444,0.608646828
202212_113.9281393_22.7900159.png,0.3981099110398033,0.7815797901947883,0.3061920486714412,0.4013889212588983,0.471817668
202212_113.9303129_22.7637627.png,0.2613671522695777,0.6725954079256067,0.7609149001712701,0.626977845664883,0.580463827
202212_113.93087370000002_22.545790199999995.png,0.7169946048403854,0.5654088620349491,0.7609616540955948,0.5091539138925159,0.638129759
202212_113.931886_22.7478105.png,0.0933681190381407,0.6723246788103763,0.5429416447659154,0.8361130149173723,0.536186864
202212_113.9340142_22.516298099999997.png,0.2609885828698596,0.6723427133704519,0.9454602723772348,0.8800946389361864,0.689721552
202212_113.9356375_22.5753551.png,0.6164161846935539,0.5662673606499189,0.6607329203422817,0.6264234070548685,0.617459968
202212_113.93686530000001_22.496623499999995.png,0.9153933440940308,0.7812943205405325,0.9059613642979706,0.7213465266868962,0.830998889
202212_113.9384694_22.50815679999999.png,0.616284622240908,0.0701487798312178,0.3059963873218939,0.5092299858595879,0.375414944
202212_113.9402644_22.519026199999995.png,0.2609040628422167,0.8665948397996672,0.4246853880190019,0.6269097397244547,0.544773508
202212_113.9436688_22.539266799999996.png,0.5094279581378675,0.7829439158854511,0.904689195850176,0.6269321242658494,0.705998299
202212_113.9450831_22.532614599999995.png,0.5094677657752663,0.2088514570786531,0.3063074912685939,0.91328800183267,0.484478679
202212_113.94629651068989_22.542967760048658.png,0.716771494917173,0.4480717882969971,0.3063119897944383,0.5100136153986032,0.495292222
202212_113.9494489_22.5835412.png,0.260343862161617,0.7828902819824669,0.5435596182109512,0.5100266824898407,0.524205111
202212_113.95960670000001_22.543149499999995.png,0.0933687114707903,0.7827723642419824,0.660368811251621,0.4019274543136897,0.484609335
202212_113.9694544_22.528250199999995.png,0.7172805081423018,0.5647383786593169,0.4240289465424486,0.6265603087762642,0.583152036
202212_113.9776265_22.5282479.png,0.5092166486710397,0.4484829778369762,0.4239611158183834,0.31079384899954,0.423113648
202212_113.9847278_22.5463916.png,0.787938544591857,0.3277273526904253,0.9026477192673084,0.841523718497915,0.714959334
202212_113.9878482_22.594933299999997.png,0.3985160207059396,0.4480269984658813,0.1823574740606593,0.6264752110634093,0.413843926
202212_113.992758_22.535601.png,0.5085785490075856,0.5642461180606669,0.8417927455476936,0.7206853140277929,0.658825682
202212_114.0005612_22.5402458.png,0.8792739268934362,0.4484727082887657,0.1823346254159769,0.3107705034333198,0.455212941
202212_114.0109223_22.545793100000004.png,0.8346698928228481,0.4484842045901847,0.543354815829456,0.7206859495683717,0.636798716
202212_114.0250293_22.545575599999992.png,0.7207623707530665,0.4484956609834965,0.6599347294062617,0.6280839520990926,0.614319178
202212_114.0326051_22.526367499999996.png,0.0926094973054041,0.4485070740689382,0.1823017806952973,0.3996381904196339,0.280764136
202212_114.048521_22.5232585.png,0.5083053294760282,0.6759297157976759,0.3051289495067574,0.7203987959345735,0.552440698
202212_114.0551493_22.518495400000003.png,0.7211781300894217,0.5633455642665729,0.4242213611385279,0.5103494135666251,0.554773617
202212_114.05823080000002_22.540602100000005.png,0.7908282610970168,0.4487379291301382,0.6602009187556858,0.8426489933393513,0.685604026
202212_114.0658167_22.534223299999994.png,0.6156882262129441,0.5629741074350267,0.1822159709100994,0.5103221744266333,0.46780012
202212_114.0770361_22.5528905.png,0.6156548219759412,0.0689204562200836,0.3049623312169978,0.7886149974960805,0.444538152
202212_114.0864988_22.5573059.png,0.7220854532641454,0.4491765392565816,0.3049801286348438,0.9441242042796374,0.605091581
202212_114.0908997_22.5583526.png,0.3991338257273464,0.6757292878812594,0.7633619898822884,0.5102193355739475,0.58711111
202212_114.0910387431752_22.549649716591308.png,0.8338494587501443,0.5630927540750478,0.6611487888513223,0.5102159348662405,0.642076734
202212_114.1040977_22.558683299999995.png,0.3988601925903627,0.6754363652279417,0.8423947180691385,0.6286023177471759,0.636323398
202212_114.1136781_22.5459787.png,0.0915190821368173,0.7838287719370174,0.4233752736365661,0.7886310813986607,0.521838552
202212_114.12220825245038_22.563703360607565.png,0.6168765807726374,0.4493473715133393,0.3048135635708145,0.6285118081270114,0.499887331
202212_114.1282478_22.556577899999997.png,0.5089869337811266,0.0692563806352265,0.0597521434522093,0.2101829780079249,0.212044609
202212_114.2485962_22.597206699999997.png,0.8341514378183013,0.0699361018680527,0.4229268530286496,0.5108395896987408,0.459463496
202212_114.2643742_22.586968899999995.png,0.2584803227170388,0.3287018518655789,0.4228797274961656,0.0767542756558864,0.271704044
