capture_id,GVI,SVF,enclosure,Canny_Edges,Hue_Mean,Saturation_Mean,Lightness_Mean,cv_status,cv_error
201311_113.8327226_22.588928800000005.png,0.38524437,0.218954086,0.252617836,36.17843628,45.88441181,58.97609615,128.9146938,ok,
201311_113.83766518162263_22.641416403895732.png,0.077012062,0.23204422,0.261765479,17.34385014,86.10508442,33.71145725,173.4599133,ok,
201311_113.87865392033376_22.61317748414232.png,0.35870266,0.177268028,0.073834419,38.43448162,48.17869949,51.39984703,142.4447279,ok,
201311_113.882861_22.6128348.png,0.484386444,0.126381874,0.11906433100000001,44.89133835,66.48389244,69.08473015,114.9547672,ok,
201311_113.9022082_22.590201799999996.png,0.134003639,0.269861221,0.185729981,31.16197586,62.80487633,42.43988991,167.2482004,ok,
201311_113.97215286575438_22.599851368800312.png,0.432395935,0.004315376,0.18962574100000001,51.46054745,74.36962509,68.56318283,107.1965332,ok,
201311_113.9824091_22.594394199999996.png,0.405350685,0.250637054,0.315956116,43.43586445,58.76771069,76.5316,125.9529572,ok,
201311_114.0367137_22.625328199999995.png,0.233516693,0.082672119,0.350649834,43.38236332,37.75993443,44.00315189,156.3463106,ok,
201311_114.07813510000001_22.5592236.png,0.436930656,0.046043396,0.153573036,46.49637222,74.63020515,53.87364292,122.3526449,ok,
201311_114.1331646_22.6036264.png,0.426804543,0.05446434,0.1143713,41.16206646,66.85590839,54.7597723,106.2313499,ok,
201311_114.158799_22.6090681.png,0.154913902,0.226415634,0.135921478,19.82946396,58.33133507,58.24947357,162.1387634,ok,
201311_114.16919617982792_22.62714279983004.png,0.22556591,0.276313782,0.111561776,16.78573608,71.63999081,67.98372936,119.7876949,ok,
201311_114.1708255_22.6072058.png,0.228387833,0.162492752,0.173310279,30.1884985,57.45966625,67.77122021,134.6459846,ok,
201311_114.1832046_22.5984266.png,0.416361809,0.00049305,0.198467255,36.85425282,55.2326746,66.12047672,90.24091434,ok,
201312_113.8235017_22.698809100000002.png,0.237203598,0.059890747,0.236491203,36.17746353,45.60656643,56.67915154,116.5664606,ok,
201312_113.83443584337306_22.74126975401547.png,0.050402641,0.075458527,0.420957565,29.20334816,34.4424715,42.83224392,152.7173338,ok,
201312_113.8374755_22.647390599999994.png,0.384464264,0.137320518,0.035140037,26.40888691,73.07512951,67.36637497,86.67766953,ok,
201312_113.85777283738314_22.642709229323334.png,0.332669258,0.108882904,0.134879112,31.71595573,58.04457664,60.05049324,106.7412004,ok,
201312_113.876258209507_22.67064777876147.png,0.232097626,0.304106712,0.044030190000000004,23.34205627,62.42827988,55.32389259,125.1181192,ok,
201312_113.8844253_22.668941099999998.png,0.003762245,0.091142654,0.403589249,27.09807873,44.03648281,44.9396944,109.5036736,ok,
201312_113.89281280000002_22.556411099999995.png,0.446160316,0.064603806,0.298108101,53.06314945,68.70177937,58.25454617,112.5130873,ok,
201312_113.9201526_22.757344299999996.png,0.084910393,0.366470337,0.067165375,21.2022543,53.02837467,57.36570549,154.9300823,ok,
201312_113.9429058_22.681555399999997.png,0.014493942,0.214611053,0.35203743,29.0367651,72.56423759,36.31983376,149.6810617,ok,
201312_113.9569087_22.710923500000003.png,0.252696991,0.296276093,0.079227406,16.09386921,84.96290016,64.56851006,118.1875782,ok,
201312_113.96037321245348_22.71031364112373.png,0.055047035,0.027490616,0.8165397640000001,23.56238365,45.91915035,33.83994865,181.1326904,ok,
201312_113.9663157_22.5911024.png,0.197538376,0.139266014,0.213724137,25.26396275,90.8520546,75.8717823,114.5912123,ok,
201312_114.02460795663488_22.690583366445924.png,0.078092575,0.279873848,0.38496017400000004,28.56911659,49.42918777,43.42946243,197.8418245,ok,
201312_114.1465315_22.64902.png,0.076031685,0.312814713,0.130740166,20.75697899,65.19163036,55.2689743,145.9096146,ok,
201312_114.15496564402403_22.68774104495292.png,0.211169243,0.281796455,0.091838837,24.44466591,48.89997101,57.4350462,149.3118343,ok,
201312_114.1675356_22.644914899999993.png,0.101947784,0.293654442,0.222537041,32.65490055,40.11603165,64.60865593,174.5555716,ok,
201312_114.18655560000002_22.637104.png,0.010985374,0.114450455,0.506146431,31.07467175,56.95460415,44.22617149,156.3839579,ok,
201312_114.19316369793675_22.635618175979587.png,0.321662903,0.0,0.542490006,46.92316532,28.18378448,69.12524223,100.8728113,ok,
201312_114.1943834_22.631455699999997.png,0.190502167,0.230735779,0.170508384,22.45028973,76.57842064,49.23936653,133.8985357,ok,
201312_114.2010636_22.665965500000006.png,0.142044067,0.318609238,0.141337395,19.97148514,52.73629665,52.65655136,150.3824501,ok,
201312_114.2148053_22.727966299999995.png,0.163048744,0.19425106,0.249623299,25.64163208,57.89568233,55.58992767,143.9553909,ok,
201312_114.2280303_22.6858936.png,0.163451195,0.230121613,0.11795520799999999,16.02918148,97.20696449,73.83063889,134.9527502,ok,
201312_114.2380314_22.670535799999996.png,0.204409599,0.251654625,0.239228249,34.51990128,51.55875874,67.21982288,139.6918755,ok,
201312_114.26495182895304_22.709595012731427.png,0.170870781,0.364372253,0.078090668,20.37493229,60.4263525,63.73785782,126.6322184,ok,
201312_114.2829641_22.722505.png,0.01935482,0.298212051,0.19002533,21.72559261,54.56269455,57.46298695,151.0642796,ok,
201312_114.297774_22.668009000000005.png,0.125396729,0.24247551,0.179116249,23.89190197,52.12495232,47.56301117,160.894208,ok,
201312_114.3024738_22.713602799999997.png,0.1820755,0.185735703,0.120168686,27.91397095,34.50470734,47.74311161,167.816143,ok,
201312_114.3081115_22.7803939.png,0.021957397,0.292237282,0.2441082,18.58872414,41.40701485,45.56604862,159.3191662,ok,
201312_114.30882777640898_22.732776127722143.png,0.271375656,0.286836624,0.202029228,25.27466297,43.09916592,52.3619318,157.6505995,ok,
201312_114.3115919864939_22.782113155236605.png,0.255018234,0.299471855,0.046164512,18.43308449,68.65266705,67.48483372,115.4618378,ok,
201312_114.31522844727854_22.755518967676593.png,0.260577202,0.216627121,0.39834785500000003,16.37815475,47.63286304,64.68643475,143.7047081,ok,
201312_114.32047496065323_22.79014665066662.png,0.003956795,0.180298805,0.49646473,19.42577362,65.31575584,58.19945908,137.4105196,ok,
201312_114.3210375_22.764714699999995.png,0.164748192,0.340979576,0.131193161,23.60931873,40.67797089,45.80892086,193.1171789,ok,
201312_114.3589352_22.74361039999999.png,0.060228348,0.249873161,0.309412002,16.57902718,101.4209557,53.22477531,154.3944359,ok,
201312_114.36616_22.6108985.png,0.346363068,0.173440933,0.393620491,48.55300426,72.68444443,81.23475552,127.9984541,ok,
201312_114.3839314_22.616090400000004.png,0.348607063,0.146335602,0.101139069,34.70666885,75.97103786,82.13148975,117.8927546,ok,
201312_114.4100365_22.6964255.png,0.295152664,0.347565651,0.059763908,28.64401817,47.48832703,62.17332268,163.6357718,ok,
201312_114.4226865_22.63003519999999.png,0.307239532,0.231690407,0.131236077,35.15656471,47.7883873,51.81562328,159.7883368,ok,
201312_114.44753853438388_22.59878176472855.png,0.288784027,0.264368057,0.127737999,34.8698473,42.08640385,55.05052757,166.9932966,ok,
201312_114.4766241_22.591292899999996.png,0.170306206,0.264671326,0.080922127,20.09259224,49.42963123,54.5642786,154.6433115,ok,
201312_114.47875850000001_22.553592399999996.png,0.143601418,0.30903244,0.26740551,26.91422939,52.62533855,58.18760777,176.6520929,ok,
201312_114.4840805_22.53794989999999.png,0.035056114,0.221774101,0.502280235,22.22996235,53.48453331,48.22309017,168.6513042,ok,
201312_114.4932418459449_22.59812495946907.png,0.563651085,0.019627571,0.028154373000000003,36.55610561,73.0829134,64.02252007,77.09476185,ok,
201402_114.2354072444943_22.717375951530183.png,0.193104744,0.069538116,0.416479095,45.3954649,55.85118294,53.25338745,120.0407391,ok,
201402_114.30325706315772_22.703626619142224.png,0.352109909,0.114557266,0.109613419,34.52087402,45.10585785,29.64605618,157.6918936,ok,
201402_114.31282391584024_22.716085470930057.png,0.332176208,0.086005211,0.159651757,36.93790913,54.42490101,61.76973534,107.908452,ok,
201402_114.3897088_22.742227699999997.png,0.058496475,0.164065361,0.341330528,28.18950176,45.66602421,29.37659645,176.0554781,ok,
201402_114.410324_22.6407317.png,0.27746582,0.20821476,0.25912571,24.27005768,38.50502586,41.94630146,160.9582415,ok,
201403_114.02884416138046_22.76146747143481.png,0.196407318,0.283146858,0.071138382,26.14502907,68.97005844,26.42821503,164.4276381,ok,
201403_114.291943_22.670415299999995.png,0.055348396,0.163766861,0.346553802,34.53181744,37.19385529,22.60078716,189.1671066,ok,
201404_113.88194917077641_22.8155861177406.png,0.330358505,0.273649216,0.047948837,32.62669086,38.98274803,39.37390804,159.3234196,ok,
201404_113.8891361_22.658751799999997.png,0.250911713,0.288579941,0.048246383000000004,27.57083416,54.09772491,37.84824753,146.163559,ok,
201404_113.9381102174492_22.67214804135569.png,0.215157509,0.350323677,0.035334587,24.09326077,39.71807957,34.62902927,158.4876337,ok,
201408_113.9440293_22.7980389.png,0.184512138,0.163399696,0.233830452,21.3102293,59.82859135,53.19202328,145.6431255,ok,
201410_114.39313294679685_22.740476520102636.png,0.300862312,0.273075104,0.1916399,35.97391605,46.23352623,78.17760277,141.5730562,ok,
201410_114.401642_22.760514199999992.png,0.081091881,0.421122551,0.035721779,15.43021202,82.87940407,51.69573212,159.9672375,ok,
201509_113.8842395_22.5070012.png,0.125419617,0.33057785,0.060031891000000004,17.70863056,85.04682636,43.0271616,155.4993114,ok,
201510_113.9132915_22.4939517.png,0.236175537,0.161546707,0.15478611,19.88491058,53.8382206,49.94649029,109.126749,ok,
201510_114.12311478463587_22.540428499015647.png,0.069403648,0.329297066,0.29386138900000003,22.85033226,59.87578297,27.07253265,156.8685246,ok,
201510_114.141854_22.6526184.png,0.108210564,0.37552166,0.112895965,19.81171131,62.79014587,52.44379616,160.7662706,ok,
201510_114.1548433_22.612801099999995.png,0.021095276,0.385631561,0.254940986,15.77845573,50.10480118,33.28970814,192.4568157,ok,
201511_113.78989593872954_22.626797290819933.png,0.001681328,0.533194542,0.087880134,9.02150631,92.03939438,67.70164871,146.790864,ok,
201511_113.8926971_22.590370800000002.png,0.332636833,0.129610062,0.131576538,28.08395863,37.14253139,47.93560791,155.349596,ok,
201601_113.8745102_22.5675937.png,0.058017731,0.15511322,0.367185593,25.31284332,27.11014938,85.34573174,111.6463928,ok,
201601_113.91355756883638_22.578036885096644.png,0.291739464,0.255084991,0.058320045,10.09420395,80.02895927,47.23428154,104.6924896,ok,
201601_113.9205707480704_22.555670959071687.png,0.266525269,0.216833115,0.043521882,20.6280899,46.39390087,50.82339096,131.8987484,ok,
201601_113.9367483_22.5688907.png,0.108569145,0.353266716,0.109116555,12.43196011,68.17692375,33.98333073,145.0340824,ok,
201601_113.95563_22.5731096.png,0.317764282,0.013184547,0.201932908,28.07082653,75.00259209,34.04681587,130.7529373,ok,
201601_113.97572705186109_22.58630829746072.png,0.098262787,0.412302971,0.087423324,9.108324051,75.66855717,39.54554176,141.9267044,ok,
201601_113.98643188363951_22.565336028740756.png,0.459003448,0.133090019,0.143023491,31.03357315,59.15478802,44.01830006,120.9088268,ok,
201601_114.00555478492693_22.63003206862512.png,0.212898254,0.235189438,0.11089706399999999,22.3948431,57.56522846,41.79680538,151.9662542,ok,
201601_114.0135251_22.565275.png,0.315734863,0.10436821,0.145804406,26.83932781,44.34164047,47.89807701,159.404089,ok,
201601_114.03942740028948_22.59325947934857.png,0.213524818,0.291981697,0.015152931,16.10432625,77.26015472,80.20009518,104.799634,ok,
201601_114.0493319_22.6903141.png,0.26362896,0.280635834,0.039467812,19.67285156,76.56921291,61.207654,115.7521658,ok,
201601_114.04964802536469_22.65207090120377.png,0.190054893,0.195384026,0.21787357300000001,23.17668915,85.07186985,83.29848194,105.5483017,ok,
201601_114.0712346_22.5696774.png,0.221274376,0.28758049,0.017967224,22.79294014,66.30779076,57.17959785,141.0380373,ok,
201601_114.10467809451235_22.63798504103764.png,0.21936512,0.328294754,0.011692046999999999,15.36114693,85.6728754,34.31188583,152.0119915,ok,
201601_114.1115713_22.576595899999997.png,0.104792595,0.329920769,0.048501015,13.80280495,100.8447618,45.0411644,120.5785532,ok,
201602_114.0076178_22.653348199999996.png,0.091270447,0.290096283,0.14431381199999999,18.54251862,100.6674166,30.99445534,111.7302551,ok,
201602_114.1318184_22.558027199999998.png,0.187121391,0.062416077,0.321328163,30.41077137,35.85761452,41.24424648,159.8476706,ok,
201606_114.0391485_22.7282786.png,0.105851173,0.287051201,0.152414322,22.61371136,81.6560688,74.85564899,142.3024559,ok,
201607_114.1406262_22.5624803.png,0.216643333,0.306385994,0.07731437699999999,23.64287853,87.86943722,49.92069626,155.9117985,ok,
201608_114.2805139_22.625256699999998.png,0.490416527,0.126344681,0.027044296,37.18644619,76.36066055,129.6022339,79.77182579,ok,
201608_114.300297_22.5877188.png,0.453674316,0.186256409,0.20034027100000001,37.75234222,70.69958115,89.25248718,109.2564917,ok,
201708_113.9089397_22.523997199999993.png,0.765086174,0.0,0.111684799,61.77532196,36.61640549,126.1971388,100.5357771,ok,
201708_113.9153991_22.566538199999997.png,0.174362183,0.173157692,0.2778368,22.71244526,40.67434788,36.40479946,161.4294205,ok,
201708_113.9303359_22.515187099999995.png,0.293577194,0.032322884,0.337701798,37.64874458,36.61976242,50.62409592,146.600626,ok,
201708_113.9439892_22.5486754.png,0.320946693,0.00702095,0.307161332,30.84826469,37.99206257,67.22889137,109.2680759,ok,
201708_114.1139086_22.538370400000005.png,0.016138077,0.154702187,0.43484687800000005,21.08552456,81.11519337,41.42086792,92.67437077,ok,
201709_113.9344939_22.552632599999995.png,0.206800461,0.311318398,0.04858303,10.48038483,60.77650452,35.7207365,129.0709753,ok,
201709_113.943607_22.5605947.png,0.132435799,0.19008255,0.556705474,30.12429714,72.2497921,38.6709528,152.5413742,ok,
201709_113.96211397355088_22.531719062555634.png,0.43100071,0.008922577,0.176220894,28.39523792,40.8074255,78.12312984,113.0372639,ok,
201709_113.9639129_22.534823.png,0.107000351,0.0,0.596885681,41.91254139,62.85992336,46.89521217,121.9655724,ok,
201709_113.9994241_22.667688899999998.png,0.169788361,0.207568169,0.197148322,20.83674431,81.10849476,42.04793835,97.69686317,ok,
201709_114.0018234_22.667901699999994.png,0.014526367,0.083292961,0.574486732,24.31650639,50.12892342,57.17999935,93.49770355,ok,
201709_114.0144989_22.623911299999996.png,0.417978287,0.09565258,0.045633316,28.61605167,48.35307789,59.39384079,125.2384968,ok,
201709_114.01594280000002_22.643162600000004.png,0.06939888,0.159265518,0.312197685,21.69641018,79.31663609,35.99360657,114.1327333,ok,
201709_114.0218923_22.6305483.png,0.089903831,0.197198868,0.242598533,29.35558319,57.23266888,36.37747383,150.1556234,ok,
201709_114.0241351_22.6258048.png,0.054390907,0.077466011,0.40311336600000003,28.35438251,78.12295341,34.93152237,96.83831882,ok,
201709_114.0333185_22.7434467.png,0.440766335,0.098193169,0.181482316,35.60427189,67.68775845,87.53251839,99.86306,ok,
201709_114.03886620000002_22.64132529999999.png,0.328777313,0.181184769,0.12610149399999998,27.11121082,67.69714737,64.57893181,99.77017117,ok,
201709_114.0414485_22.640062199999996.png,0.277975082,0.156074524,0.213010788,23.88533592,60.74623489,56.86608887,110.7476244,ok,
201709_114.0502404_22.601815099999996.png,0.050721169,0.053713799,0.454443932,34.14150238,61.98778534,58.12585258,92.59362411,ok,
201709_114.0569058_22.528170200000005.png,0.025822639,0.081498146,0.496865273,26.36097908,66.93311977,40.34585667,117.955862,ok,
201709_114.06019570199695_22.61155481335208.png,0.004653931,0.216171265,0.40529346400000005,20.76719284,83.34494114,44.8047905,119.3436861,ok,
201709_114.0612517_22.7125737.png,0.417909622,0.0,0.161273003,48.66487026,41.54757309,76.50050449,97.24702644,ok,
201709_114.06861678573122_22.721309304140785.png,0.147101402,0.176649094,0.288805009,23.59424114,51.44273186,56.09591866,148.4179506,ok,
201709_114.0696131_22.72285939999999.png,0.213807106,0.064464569,0.37172412899999996,30.69773197,35.66423416,72.91387463,137.2253723,ok,
201709_114.0793126_22.562718900000004.png,0.52558136,0.033525467,0.036739349,38.22193623,72.39171696,82.54386044,83.89226246,ok,
201709_114.0871723_22.5609009.png,0.037553787,0.29186821,0.206697463,14.70964909,62.07946014,45.04203033,115.7669907,ok,
201709_114.0946047_22.6365959.png,0.050498009,0.296559334,0.151387215,14.33732986,60.44991398,45.00661278,143.5120907,ok,
201709_114.1036659_22.633577100000004.png,0.215166092,0.114329338,0.259569167,27.4545908,39.63073921,40.1268177,152.2717457,ok,
201709_114.1064122_22.6536206.png,0.229136467,0.207111359,0.123393059,21.55949593,51.87951374,61.58710861,127.6023378,ok,
201709_114.1390699_22.549754199999995.png,0.118688583,0.139204979,0.27664566,22.58550167,90.03017616,42.84283352,105.1303282,ok,
201902_113.78802927099669_22.681579777229107.png,0.337346077,0.063826561,0.150330543,23.34400177,52.35334396,41.85258484,103.4555025,ok,
201902_113.7968278_22.6764534.png,0.001670837,0.285216331,0.337330818,14.69773293,72.22123432,51.52986813,108.9636364,ok,
201902_113.8125536_22.742092199999995.png,0.08142662,0.272008896,0.195654869,16.67192459,100.8595514,52.52920818,110.3077927,ok,
201902_113.822293711952_22.708451784912096.png,0.230163574,0.028816223,0.48067951200000003,33.73513699,42.57334709,41.34119511,113.6961222,ok,
201902_113.82461400636875_22.737846546103565.png,0.275337219,0.237112999,0.073045731,25.70583344,71.65685844,59.17717361,106.6720028,ok,
201902_113.86370289163905_22.8024886393656.png,0.182581902,0.21155262,0.14829442199999998,15.72398186,53.95968342,52.50089359,127.0795355,ok,
201902_113.8693476_22.598104299999996.png,0.388476372,0.045072556,0.200345993,40.71654797,40.64695454,44.98712158,164.4090357,ok,
201902_113.8941739734363_22.720864788587726.png,0.08277607,0.217466354,0.388469696,23.92375946,58.48347664,54.93514061,118.0268908,ok,
201902_113.91025928046581_22.57583711733693.png,0.294235229,0.032288551,0.195558548,35.37324429,61.2767868,57.22313404,111.0146284,ok,
201902_114.0317129_22.543413399999995.png,0.30602169,0.186102867,0.064301491,29.30208206,55.00934696,49.53831387,128.9385023,ok,
201902_114.04594474714749_22.567282191742024.png,0.261400223,0.090132713,0.233136177,25.11902332,23.57154751,74.15450191,106.245822,ok,
201908_114.2393767_22.557769699999998.png,0.373041153,0.110919952,0.091303777,40.00473976,70.32285023,39.18865585,129.0946817,ok,
201909_113.9015183_22.709992299999996.png,0.050848007,0.105984688,0.5617122649999999,31.14033222,60.34920502,28.34640884,142.0752459,ok,
202003_113.88955644157302_22.798927053748397.png,0.348191261,0.150235176,0.187318802,31.97738171,50.99898911,28.88023186,168.406291,ok,
202003_114.0251856_22.63805.png,0.148544312,0.238910675,0.222491264,22.50233173,56.89285564,37.19207764,146.7119036,ok,
202003_114.1991135_22.709366499999998.png,0.126576424,0.43786335,0.112627983,11.54286861,71.59736633,39.15419102,141.579915,ok,
202003_114.2000427014398_22.692087883164596.png,0.0,0.0,0.801822663,24.28902626,63.96320152,26.93689251,93.00255013,ok,
202003_114.23825474491608_22.69764445152608.png,0.202045441,0.321444511,0.075442314,20.90289116,64.75704002,43.44445229,148.5549822,ok,
202101_113.85384977720011_22.78301523471154.png,0.006778717,0.254055023,0.497793197,24.28513527,66.38588524,34.73176861,192.8871841,ok,
202101_113.8825929_22.794455400000004.png,0.030398369,0.233585358,0.34998989199999997,28.11387062,64.6912384,21.4687624,191.4348984,ok,
202101_113.888855_22.791229200000004.png,0.029397964,0.372676849,0.17704868399999998,23.22265148,64.66344452,18.0488081,188.9534616,ok,
202101_113.90091646008864_22.799239870213608.png,0.013998985,0.154595375,0.444311141,28.14378262,91.39992142,51.00688457,132.6767445,ok,
202101_113.93861180000002_22.7661842.png,0.030022621,0.234869957,0.29855632800000004,17.84821987,86.39433193,74.86653042,123.3443031,ok,
202102_113.91371846455706_22.760970536511298.png,0.241397858,0.19832325,0.207444191,32.44454384,64.78878307,32.15288162,179.7576466,ok,
202102_113.946745_22.740813599999992.png,0.051067352,0.463742256,0.043505669,14.66587543,61.50129223,33.72453594,194.9910383,ok,
202102_114.0434234_22.704722999999998.png,0.020125389,0.241697311,0.303828251,17.09190845,82.04289722,44.87977028,113.8129206,ok,
202103_113.77808539352496_22.70661859855536.png,0.158596039,0.242776871,0.328371048,28.80354881,46.58328056,38.64854908,149.8003139,ok,
202103_113.78774241091746_22.712710262476318.png,0.017290115,0.152461052,0.385950088,25.56089401,66.86447811,37.36061573,161.6671581,ok,
202103_113.8106956_22.774374599999994.png,0.036889076,0.167491913,0.366635323,21.10279083,56.52768993,23.02768898,145.7905512,ok,
202103_113.81288850694662_22.667950333592696.png,0.004538536,0.335835457,0.264788628,22.97703266,47.29774284,20.84174919,196.0545835,ok,
202103_113.82008186652787_22.75965661067105.png,0.069669724,0.206641197,0.246161465,25.11415958,84.22353458,27.80195999,154.5015841,ok,
202103_113.8244835_22.775231100000003.png,0.03260994,0.38429451,0.103087425,18.55103016,89.0010004,21.75732708,194.7023268,ok,
202103_113.82636226744971_22.67478843036012.png,0.306554794,0.03912735,0.18342018100000002,24.12657738,50.20549011,49.46372128,97.44788361,ok,
202103_113.8264963501249_22.68374108533307.png,0.363139153,0.013317108,0.177536965,47.95695305,31.95910645,60.2355566,119.4855747,ok,
202103_113.8352526_22.7190171.png,0.275076866,0.069788933,0.472161293,29.772892,39.03560829,51.03756714,149.055665,ok,
202103_113.837714_22.7391328.png,0.03775692,0.163280487,0.345198631,30.04088402,62.20936012,24.068717,162.7681379,ok,
202103_113.84227470000002_22.765698599999997.png,0.08866787,0.218984604,0.232465744,25.20827293,58.59405994,22.31155014,152.1542778,ok,
202103_113.8435713_22.621687999999995.png,0.204632759,0.264430046,0.110289574,29.06959534,70.61459827,27.45105267,181.1603575,ok,
202103_113.8521336_22.690685799999994.png,0.25156498,0.243736267,0.104666709,27.71018028,46.67771244,52.60546684,160.6629152,ok,
202103_113.85770470000001_22.582482999999996.png,0.095461845,0.042401314,0.522431374,33.53450775,66.54830647,77.0356102,95.41883278,ok,
202103_113.86854584962914_22.602575394764475.png,0.281149864,0.167165756,0.17069912,26.02416515,57.82860279,47.33762074,128.089036,ok,
202103_113.8770939_22.5847014.png,0.139718056,0.154211998,0.283096317,26.97283745,93.04893589,51.08257103,172.2015896,ok,
202103_113.87880600086551_22.78372813730076.png,0.063304901,0.158345222,0.422587394,23.24818611,72.42632675,35.61275196,125.7076521,ok,
202103_113.8871678_22.50216539999999.png,0.225237846,0.241330147,0.114336967,31.68409824,42.80838203,27.41390324,170.3859434,ok,
202103_113.9070024_22.779004599999993.png,0.125501633,0.312114716,0.09672451,16.39444828,56.78263474,36.32711506,124.302001,ok,
202103_113.9159635_22.4858451.png,0.34704113,0.048585892,0.36432361599999996,38.45101833,56.67692471,47.93578053,132.8243675,ok,
202103_113.9228765_22.525948399999997.png,0.071221352,0.192544937,0.3186903,29.64740753,63.77314568,20.00856686,165.7313843,ok,
202103_113.92463050000002_22.500260399999995.png,0.239713669,0.000741959,0.550405503,32.58607864,54.42491913,25.73475075,179.159627,ok,
202103_113.9317217_22.5611119.png,0.433782578,0.000677109,0.21955776200000002,35.81851959,53.21140385,56.61281681,104.2677431,ok,
202103_113.941758_22.503601700000004.png,0.15582943,0.327033043,0.061736107000000005,19.40875053,76.30639553,35.74509716,145.6661654,ok,
202103_113.9429747_22.532584499999995.png,0.276852608,0.088502884,0.495518685,29.79988575,59.02558899,30.38393116,139.8769951,ok,
202103_113.9572307259974_22.543175451827373.png,0.412700653,0.169102669,0.144805908,43.07035446,64.33611012,70.98017788,121.6107988,ok,
202103_113.9651074_22.569433700000005.png,0.302459717,0.213088036,0.049575805,28.81157398,54.64150715,29.89247131,155.5203991,ok,
202103_113.9772284_22.566765299999997.png,0.346843719,0.020998001,0.238469124,43.15425396,67.26698685,49.87874603,116.4441261,ok,
202103_114.0028434_22.5361266.png,0.175165176,0.212565422,0.125101999,17.90269375,44.20818424,11.40366459,228.6978693,ok,
202103_114.0214167_22.529604399999997.png,0.108139992,0.046095848,0.48057461,33.35698128,53.29646111,50.46688557,94.1159935,ok,
202103_114.0295192_22.6753357.png,0.226081848,0.224042892,0.272416115,18.33435059,71.28461742,51.65034485,109.4886885,ok,
202103_114.0343637_22.714637800000002.png,0.002890587,0.253109932,0.325811386,22.73457527,84.10869217,41.32540607,99.86615849,ok,
202103_114.03556500000002_22.543814300000005.png,0.287197113,0.180672646,0.091720582,33.0882597,74.28330517,51.8213768,145.4646254,ok,
202103_114.0433253_22.542509600000002.png,0.38104248,0.161312103,0.113816261,30.06836414,60.45906448,36.56382084,128.7745447,ok,
202103_114.0492532_22.503914999999996.png,0.157607079,0.198755264,0.29867553599999996,20.78251362,64.57555008,53.78337669,103.3563643,ok,
202103_114.0552365_22.5092541.png,0.25265789,0.051431656,0.333347303,31.50803089,59.97982597,52.08636379,101.3225689,ok,
202103_114.05568005891669_22.668509965401316.png,0.308750153,0.260490417,0.031991004999999996,14.81105804,61.07606125,29.23517418,111.5398865,ok,
202103_114.0727822_22.654202299999998.png,0.004585266,0.301901817,0.522982597,27.44778156,62.42443943,40.35203362,161.7886076,ok,
202103_114.08177436810324_22.71047882066633.png,0.413263321,0.051865578,0.11737537399999999,28.06620598,44.92895889,64.68892765,76.68331051,ok,
202103_114.0931461_22.554121899999995.png,0.299781799,0.007146835,0.273269653,34.55346107,61.52233601,45.63345051,100.2304153,ok,
202103_114.0970567909583_22.7181553287723.png,0.187272072,0.32184124,0.047777176,14.43606377,62.32276154,37.96891975,117.1919479,ok,
202103_114.097324_22.7009943.png,0.094285965,0.310411453,0.178023338,13.02193165,87.00065136,31.70999146,150.6764135,ok,
202103_114.0988453_22.704682299999998.png,0.11062336,0.325991631,0.16403389,14.74880219,51.17072868,43.52047062,126.1384659,ok,
202103_114.1102391_22.621661899999992.png,0.225007057,0.268336296,0.047759094,20.17819405,53.67196369,46.89105892,131.4436102,ok,
202103_114.1198452_22.5910835.png,0.084944725,0.230669022,0.24700069400000002,23.89773846,57.81538296,26.19547939,150.8486662,ok,
202103_114.12190805793112_22.627928023917203.png,0.450663567,0.025984764,0.294151306,42.30942249,41.76468563,84.36686134,98.25703239,ok,
202103_114.1227501_22.5559666.png,0.350995064,0.014351845,0.30490303,46.5228796,37.63773632,53.57590294,138.1149731,ok,
202103_114.1284662_22.625145700000004.png,0.275834084,0.218756676,0.07964038899999999,21.00478649,43.9413166,55.02849197,112.7150078,ok,
202103_114.1462658_22.620422699999995.png,0.101003647,0.086078644,0.550459815,28.27923775,43.60323143,48.76838112,136.2532873,ok,
202103_114.2151047_22.555198599999997.png,0.209000587,0.213764191,0.17712497700000002,18.46494198,74.062253,30.42200565,119.4806738,ok,
202103_114.21793862646713_22.67803233370238.png,0.273438454,0.155109406,0.147334099,33.74753952,42.71579456,45.65739727,134.5252333,ok,
202103_114.2240115_22.690695.png,0.161204338,0.176933289,0.228293419,22.42815971,60.64547157,35.89994621,118.7258282,ok,
202103_114.2358123_22.728261600000003.png,0.466722488,0.124129295,0.090824127,37.92670727,49.85829735,67.03824139,102.6382828,ok,
202103_114.2422502421771_22.56227045019431.png,0.258152962,0.210095406,0.101824761,27.75760174,60.50696373,29.52778244,131.8241816,ok,
202103_114.24886032892263_22.70519218145229.png,0.171257019,0.209923744,0.284817696,20.70323467,43.15813637,61.37002373,117.2131615,ok,
202103_114.2580832_22.585963900000003.png,0.092941284,0.238574028,0.302154542,20.60450077,64.98288727,30.62838268,125.6066475,ok,
202103_114.2781623_22.7481021.png,0.012851715,0.426757813,0.144417763,15.00341892,70.63091278,29.39142799,154.3648014,ok,
202103_114.30650090000002_22.600766799999995.png,0.223114014,0.227721214,0.213414192,30.35386562,61.1365242,52.62307358,126.4970083,ok,
202201_114.2731717_22.634134700000004.png,0.347481728,0.088580132,0.313637734,40.69757938,59.58769608,55.75231266,145.702858,ok,
202202_113.90250819161481_22.798201494461292.png,0.0,0.207374573,0.420180321,16.07271194,84.91395283,66.29963779,76.18516159,ok,
202203_113.8044636404817_22.67523148030025.png,0.359453201,0.060468674,0.230167389,39.93275642,61.57884502,41.61343861,126.1406841,ok,
202207_114.0390344_22.565740199999993.png,0.24811554,0.203146935,0.075285911,25.40403843,81.28880119,43.27455902,129.3858404,ok,
202211_113.78291956179339_22.7216500714381.png,0.268592834,0.23741436,0.08202743500000001,25.25885582,45.29004002,42.87806892,131.6404295,ok,
202211_113.78807238764684_22.679775888856494.png,0.350510597,0.073854446,0.137523651,35.37081242,60.22797775,46.79201031,100.0719843,ok,
202211_113.7885606_22.738446.png,0.040852547,0.266911507,0.21988296499999999,17.27624416,70.78203583,31.96910572,176.8640862,ok,
202211_113.79437007537138_22.682460288185617.png,0.220134735,0.138791084,0.308472633,24.3777895,60.73138905,44.70463848,95.12892437,ok,
202211_113.7957707_22.7341786.png,0.053581238,0.344555855,0.105122566,18.59407425,94.60900974,17.83369255,153.1224661,ok,
202211_113.8017865_22.6838826.png,0.101808548,0.248492241,0.285542488,21.22389793,69.74026775,34.59845638,130.3943796,ok,
202211_113.8041727_22.7795268.png,0.193448067,0.240937233,0.139768601,15.89056492,62.78774452,55.02273655,99.53956699,ok,
202211_113.8082633_22.674981199999994.png,0.079391479,0.209029198,0.302360535,28.59027386,83.64301014,35.78442669,128.0814466,ok,
202211_113.8100430382602_22.746583540331518.png,0.102674484,0.129499435,0.381946564,29.34463978,86.25971794,30.58073616,101.0177917,ok,
202211_113.8109161_22.7844666.png,0.242972374,0.228531837,0.344163895,33.66461277,59.21585274,58.91149426,169.9720907,ok,
202211_113.8131533_22.734941999999997.png,0.181708336,0.187592506,0.176616669,28.73642921,73.73536682,28.29952526,157.5621061,ok,
202211_113.8169133_22.7276972.png,0.168775558,0.132022858,0.251289368,22.25428104,61.03353596,25.76176739,114.3927412,ok,
202211_113.81788238289876_22.73720803948338.png,0.232305527,0.118103981,0.203671455,30.61431885,65.10720539,72.45013714,94.422719,ok,
202211_113.819258_22.731765400000004.png,0.151600838,0.182702065,0.20433330500000002,18.35113049,73.35478592,27.89847279,123.8862352,ok,
202211_113.82000803448553_22.737425312514915.png,0.164176941,0.094002724,0.30102539100000003,23.5222578,65.05806923,28.73165417,112.1977644,ok,
202211_113.8222678_22.6425994.png,0.053671837,0.399403572,0.108634949,12.90033817,103.3746681,33.61446285,141.2851667,ok,
202211_113.8262261_22.649557699999992.png,0.21907711,0.212705612,0.150115967,22.65845776,70.62864876,27.80313969,180.9668045,ok,
202211_113.82747384253616_22.615966911644556.png,0.258408546,0.303523064,0.072786332,30.49248219,88.67838478,63.2494688,173.2208033,ok,
202211_113.8291359_22.6271889.png,0.069924355,0.415255547,0.116965293,12.82811165,91.14530373,27.80102825,154.1503162,ok,
202211_113.8319583_22.794324499999995.png,0.291366577,0.06541729,0.124047279,29.00831223,77.16733456,41.89405918,99.527174,ok,
202211_113.83265292629095_22.7449197751454.png,0.212966919,0.264204979,0.084688187,26.20679855,80.21809483,60.27090836,174.7068567,ok,
202211_113.8347799_22.784325.png,0.138878822,0.247473717,0.178747177,19.83092308,54.24049759,27.9074707,152.2899523,ok,
202211_113.83586272797584_22.70472169611849.png,0.266283989,0.057825089,0.26342868799999997,35.85134983,54.65289593,29.47670937,122.8790846,ok,
202211_113.836346_22.638564300000002.png,0.217647552,0.25987339,0.310627936,21.42671585,95.61850739,101.8204966,123.5323229,ok,
202211_113.8379821_22.8048093.png,0.361271858,0.13968277,0.11770344499999999,32.36356258,62.77467346,40.86861515,122.4855633,ok,
202211_113.83840317386104_22.70831987854843.png,0.178284645,0.28944397,0.268618583,35.82605839,69.53843594,53.36182308,175.6624622,ok,
202211_113.8409071441885_22.61114609385476.png,0.076664925,0.287061691,0.20081138599999998,23.81894588,66.61484432,49.63707447,164.8545713,ok,
202211_113.8436113_22.612272900000004.png,0.276947021,0.15464592,0.176569939,39.45513725,88.06461048,77.98743057,149.6048059,ok,
202211_113.8452123_22.763892499999994.png,0.157921791,0.119198799,0.30058002500000003,28.59635353,43.67193699,38.75209618,135.5564919,ok,
202211_113.84852700762849_22.610222404648848.png,0.333792686,0.134099007,0.161547661,35.00360012,78.8388195,72.08253384,132.9405003,ok,
202211_113.8492719_22.793544899999997.png,0.209123611,0.288951874,0.08283710500000001,17.23976612,74.47450829,26.41960526,140.5056877,ok,
202211_113.8523632_22.618814899999997.png,0.370551109,0.122822762,0.11882782,41.20851517,79.74672413,64.07292938,142.6682301,ok,
202211_113.8551969_22.763327199999996.png,0.308768272,0.21577549,0.046518326,19.3871069,76.17219925,31.67415905,118.9520168,ok,
202211_113.85560042621323_22.806993254660956.png,0.369105339,0.133722305,0.12282180799999999,22.37319946,64.79667759,46.63688183,108.9408655,ok,
202211_113.8575257_22.717668000000003.png,0.214170456,0.272626877,0.096311569,19.02135372,52.15513229,48.84194088,148.6167727,ok,
202211_113.8596726_22.652348399999997.png,0.121184349,0.278366089,0.212389946,19.47368145,102.1329126,104.565526,131.2298431,ok,
202211_113.8635362_22.560423499999995.png,0.108832359,0.217942238,0.27529048899999997,30.4455471,63.6835165,29.9167881,156.6929493,ok,
202211_113.8704171_22.562697100000005.png,0.110962868,0.235066414,0.22152042400000002,23.99671555,92.72232819,30.64363289,136.8192654,ok,
202211_113.8722763_22.551879099999997.png,0.082588196,0.38048172,0.129663468,14.1726923,94.73673439,26.37017345,140.3578424,ok,
202211_113.87349693118158_22.585965639453615.png,0.199369431,0.211133003,0.216630936,26.27780914,101.0865192,94.24394703,115.8625956,ok,
202211_113.8795867_22.5997255.png,0.279644012,0.103627205,0.344237328,39.19127941,72.32592964,54.67810249,159.1980076,ok,
202211_113.88136_22.584475199999996.png,0.141976357,0.135512352,0.32843399100000004,22.83501148,67.29731083,59.39356422,120.0097742,ok,
202211_113.8822775_22.5709209.png,0.027464867,0.179872513,0.295348144,27.70288467,84.18288517,34.49678612,129.7669983,ok,
202211_113.88679688991533_22.57914480276345.png,0.495858192,0.022704124,0.114077568,35.25481224,83.46147633,61.82775497,90.58288574,ok,
202211_113.8878473_22.7457221.png,0.084747314,0.257896423,0.23768139000000002,23.54827881,82.5361805,50.48183727,181.0181475,ok,
202211_113.89438222471337_22.73412834603495.png,0.158019066,0.0,0.517819405,42.27878094,58.04087925,63.61739635,112.9027863,ok,
202211_113.8992378_22.5719486.png,0.007772446,0.250817299,0.288392066,23.95440102,104.3690567,28.93591881,135.412097,ok,
202211_113.90574290000002_22.577700399999998.png,0.104061127,0.206625938,0.250337588,25.44416428,100.2849216,36.87223148,132.9768486,ok,
202211_113.90896476644085_22.56979410159586.png,0.378952026,0.007967949,0.231595039,40.35055161,68.48432636,26.86977482,153.3980417,ok,
202211_113.909002_22.5679899.png,0.18723774,0.234351158,0.147070885,19.42188263,98.55823326,28.75687504,131.6423817,ok,
202211_113.9117943_22.665487700000003.png,0.115689278,0.316926956,0.133461952,22.00306892,61.32556629,69.68525219,124.6222296,ok,
202211_113.9159803_22.655209499999998.png,0.111918449,0.358991623,0.11179161100000001,14.29501534,57.29985714,36.1942215,127.4279165,ok,
202211_113.921566914685_22.692212677311126.png,0.082156181,0.332571983,0.17540645600000002,24.44563866,58.81931305,56.74104118,166.3952627,ok,
202211_113.9227536_22.727050399999996.png,0.242202759,0.10945034,0.359279633,35.37835121,59.42890453,48.54187965,166.4421406,ok,
202211_113.92292441756912_22.689422567040562.png,0.359054565,0.081868172,0.43474960300000004,31.09631538,34.06830788,80.47080994,90.06907654,ok,
202211_113.9263628_22.5912654.png,0.510857582,0.057116508,0.119968414,41.38944626,42.18928623,94.76904106,79.24546623,ok,
202211_113.9360468_22.758895699999997.png,0.180731773,0.191538811,0.39426899,32.96472073,33.39766979,34.04535961,169.9510078,ok,
202211_113.94225220000001_22.753719199999995.png,0.166674614,0.338163376,0.025799751,14.93313789,70.64689255,17.06140041,180.9969625,ok,
202211_113.9432455_22.587066.png,0.090295792,0.173183441,0.293054581,18.72977257,44.53755283,41.29100418,89.03239822,ok,
202211_113.9570976_22.583883199999995.png,0.229640007,0.08784771,0.291106224,22.80412674,33.34365654,49.78769779,89.65361977,ok,
202211_113.95836790652298_22.69236529229209.png,0.220650673,0.120349884,0.261565209,25.26177406,32.02615166,48.3331728,118.8162899,ok,
202211_113.9724363_22.693400699999998.png,0.195286751,0.292312622,0.063475609,16.01750851,40.00373459,38.57805729,124.7286034,ok,
202211_113.98367039433224_22.672815120621834.png,0.070371628,0.299336433,0.374844552,19.31293488,72.16346073,27.15269852,150.1110296,ok,
202211_113.9858528_22.704467899999997.png,0.237859726,0.228617668,0.060996055,15.94479561,88.42212868,44.7240696,114.4083748,ok,
202211_113.9905027_22.681737499999997.png,0.180189133,0.321900368,0.106071472,17.212286,96.55489635,30.38077354,121.4547148,ok,
202211_113.996054_22.668308199999995.png,6.77e-05,0.031560898,0.79276371,18.66508484,32.96665096,29.63375854,157.7443752,ok,
202211_113.9984381_22.681373299999997.png,0.095584869,0.257216454,0.241337776,23.16793442,86.43476868,28.80416679,128.1744242,ok,
202211_114.001936_22.656943199999997.png,0.06626606,0.145124435,0.47420883199999997,25.81624031,80.52623272,30.97499275,108.5297308,ok,
202211_114.0032842_22.655026699999997.png,0.043956757,0.214152336,0.267957688,20.18986702,96.30391312,32.31202698,135.0973082,ok,
202211_114.0051723768474_22.681067740455443.png,0.006604195,0.195463181,0.426677704,28.88720512,70.77049828,27.09148216,145.9846525,ok,
202211_114.0078292_22.639066599999996.png,0.045139313,0.123653412,0.406397819,24.45269108,64.69681168,24.67996979,177.6148891,ok,
202211_114.01052248887245_22.649428427414882.png,0.097379684,0.108957291,0.412787437,30.75220585,66.236269,35.23731327,178.469388,ok,
202211_114.01569978609133_22.728512338937833.png,0.140271187,0.316052437,0.211173058,17.26286888,68.1944809,50.56025982,122.815815,ok,
202211_114.0163689_22.653706200000002.png,0.047294617,0.051386833,0.44561196,23.08427811,59.85325813,19.77474689,142.7098007,ok,
202211_114.0191639_22.662296299999998.png,0.14328289,0.138875961,0.280527115,24.15819168,72.66944885,34.04691505,185.1749601,ok,
202211_114.02076763342716_22.6417675560083.png,0.289492607,0.072341919,0.199150085,39.13486004,79.47536755,65.53236103,121.8174849,ok,
202211_114.0226689_22.6581417.png,0.06427002,0.172576904,0.345987321,29.51778889,82.87368965,34.36343193,146.0581045,ok,
202211_114.02556840000001_22.630214099999996.png,0.261202812,0.117481232,0.140981674,34.10672665,76.82501411,40.23731327,139.7279758,ok,
202211_114.0271165_22.5685268.png,0.237370491,0.143864632,0.19657134999999998,26.64186001,57.91884136,54.35230446,120.6234865,ok,
202211_114.02749850000001_22.661723400000003.png,0.093200684,0.260172844,0.22854042,19.92576599,79.12399864,27.62396908,144.5360909,ok,
202211_114.0294217_22.556639199999996.png,0.187797546,0.225164413,0.122477532,21.39096737,93.44101238,32.236063,130.4841757,ok,
202211_114.0314997_22.736269000000007.png,0.033040047,0.342014313,0.242570878,23.87512207,91.26609802,22.30502701,166.0215864,ok,
202211_114.0336272_22.661090499999997.png,0.074670792,0.225476265,0.295125008,27.41738319,94.33923912,30.31927204,129.338254,ok,
202211_114.0358766_22.6473671.png,0.047830582,0.303596497,0.266878128,24.16305542,98.36427402,46.8508215,152.5610371,ok,
202211_114.03708640000002_22.7299134.png,0.204592705,0.247311592,0.108973468,19.24459934,87.97694111,30.73754692,164.986021,ok,
202211_114.0383343_22.670064099999998.png,0.251509666,0.147746086,0.22578430200000002,37.06679821,83.85182667,23.03621197,146.6886377,ok,
202211_114.03978245388089_22.60607904267013.png,0.162956238,0.210896492,0.15832712799999998,27.09686279,79.71310043,34.34636021,150.5761309,ok,
202211_114.0411497_22.561641499999997.png,0.254691124,0.262415886,0.078186988,16.78379059,91.54251003,41.18060875,123.8611155,ok,
202211_114.0438439_22.556771700000002.png,0.152892113,0.265106201,0.099427223,22.04124928,60.27172279,29.769804,145.5789566,ok,
202211_114.044294_22.550718700000004.png,0.127344131,0.29070282,0.10425662999999999,23.72507572,80.38322067,29.65989876,164.6785707,ok,
202211_114.0445563_22.536196300000004.png,0.242742538,0.232387543,0.078473091,21.50088787,64.05681705,24.43400288,168.8903933,ok,
202211_114.0510165_22.551339899999995.png,0.224608421,0.237547874,0.08128357,23.40382576,87.9560833,47.65929604,134.6439562,ok,
202211_114.0519255_22.7122363.png,0.02613163,0.327726364,0.288783074,15.27432919,80.82044315,35.7051506,149.3934298,ok,
202211_114.0544058_22.6444327.png,0.088924408,0.380147934,0.091171265,8.495979309,96.3631258,31.53609276,122.6194696,ok,
202211_114.0558493_22.615251100000002.png,0.09335041,0.254934311,0.239542008,16.80081367,86.7241106,53.73364544,162.6482067,ok,
202211_114.0578282_22.578562.png,0.16793251,0.363762856,0.027320861,11.33907795,93.34164047,29.93504715,145.5229044,ok,
202211_114.05853155717254_22.724492512449242.png,0.177230835,0.023464203,0.422405243,39.17571545,80.91376686,44.44757462,119.3531914,ok,
202211_114.059173_22.6942178.png,0.123697281,0.184004784,0.262327195,23.06287766,96.40607166,37.96892929,122.8370714,ok,
202211_114.0597178_22.624512499999994.png,0.077275276,0.255379677,0.350217819,26.70119762,72.98707294,30.4212513,178.6273603,ok,
202211_114.0627656_22.5229418.png,0.19003582,0.114848137,0.302948951,30.02118587,73.95510197,54.05853939,156.2784843,ok,
202211_114.06487710000002_22.633098699999998.png,0.051829338,0.280836105,0.296222687,20.37858009,74.41055298,46.57472706,173.6128044,ok,
202211_114.0665036_22.627860199999997.png,0.253426552,0.183766365,0.138691902,13.9265871,89.90468502,61.54172707,121.1347265,ok,
202211_114.0679141_22.563537199999995.png,0.159410477,0.197735786,0.22025013,16.84604645,75.73791504,32.33814526,122.8146124,ok,
202211_114.0714429_22.5480405.png,0.216008186,0.258979797,0.053450585,22.89483547,79.0322628,35.83958721,135.9183693,ok,
202211_114.0746631_22.6338718.png,0.089449883,0.157624245,0.29809570300000005,19.62251186,81.99967861,41.84584999,159.8554296,ok,
202211_114.09092050000001_22.701566099999997.png,0.04695034,0.422250748,0.113181115,14.63474751,92.28442383,19.13641644,173.2814779,ok,
202211_114.0909805_22.5517268.png,0.088323593,0.214388847,0.247078895,22.31386185,95.32758617,47.77897167,169.2464724,ok,
202211_114.0963676_22.572977699999996.png,0.262605667,0.046040535,0.282159806,32.19892502,73.9879694,31.93960476,95.34439945,ok,
202211_114.1035643_22.6872075.png,0.069962502,0.221563339,0.384869576,15.46085358,51.12369537,38.08847427,128.4993114,ok,
202211_114.10629653022042_22.69430970272127.png,0.11079216,0.142538071,0.30388546,21.72510624,64.98573112,31.68808937,112.0640974,ok,
202211_114.1079496_22.572552100000003.png,0.043110847,0.122343063,0.429011345,29.60971355,61.17498112,33.23291969,184.3769436,ok,
202211_114.112463_22.71322719999999.png,0.103239059,0.377345085,0.054234509,14.38183308,63.13788509,35.73922348,177.7472982,ok,
202211_114.1129015_22.5992305.png,0.155579567,0.175772667,0.242964745,18.86693001,95.45071316,47.21760368,138.4136057,ok,
202211_114.1182373_22.5657563.png,0.336654663,0.120515823,0.118778228,37.73848057,73.73480606,35.21430874,137.3675089,ok,
202211_114.1204075_22.6482116.png,0.294326782,0.219438553,0.093262672,23.5541153,86.33029556,39.87383556,129.7326307,ok,
202211_114.1265996_22.6505152.png,0.182291031,0.231858253,0.182181359,17.19258785,62.638978,41.01828384,129.2190475,ok,
202211_114.1297294_22.571899599999995.png,0.426919937,0.048516273,0.16066742,52.03300953,80.96913433,51.58908653,130.5468664,ok,
202211_114.1347208_22.689938899999998.png,0.065432549,0.243684769,0.281522751,18.43600273,79.78818321,28.12680435,138.0074329,ok,
202211_114.1362693_22.6242506.png,0.309776306,0.227547646,0.037201858,16.34410858,84.87991524,51.00745392,110.8683863,ok,
202211_114.1413619_22.633429600000003.png,0.170033455,0.326802254,0.072695733,19.5434761,82.63794899,29.83070946,147.0328226,ok,
202211_114.1486314_22.6915968.png,0.094055176,0.248966217,0.10837555,14.58076,63.53065109,30.84373856,157.7838917,ok,
202211_114.1655038_22.5668733.png,0.053408623,0.025876999,0.46902465800000004,26.33203983,67.36738205,35.93583107,131.7814732,ok,
202211_114.1903821_22.654378699999995.png,0.004012108,0.158614159,0.537798881,29.89643097,84.44222069,31.50024796,130.4034452,ok,
202211_114.19179562381086_22.63432322223352.png,0.362300873,0.063933372,0.321495056,42.42420673,66.10305977,54.19847107,114.9111586,ok,
202211_114.2071742_22.712280299999996.png,0.017541885,0.376200676,0.206019401,18.13931465,70.52657509,63.43951702,131.1466827,ok,
202211_114.2111792_22.658679700000004.png,0.270332336,0.183398247,0.147458077,22.60009289,76.3232069,28.64979935,174.9698477,ok,
202211_114.2152921_22.6662057.png,0.140785217,0.204591751,0.216978073,22.28224754,97.22660351,64.49602509,145.1892805,ok,
202211_114.216765_22.6974888.png,0.069186211,0.378709793,0.099865913,14.3105793,99.1082077,54.8086462,147.7360868,ok,
202211_114.21723136608922_22.72370956084027.png,0.2438097,0.033410072,0.405278205,37.92014122,90.07375145,74.99611855,104.9202299,ok,
202211_114.2197791_22.7005555.png,0.227374077,0.235598564,0.13559722899999999,27.78094769,54.71238518,35.60767651,150.4683466,ok,
202211_114.22552806929458_22.72382851725978.png,0.200146675,0.0,0.46471405,37.29928493,62.52151394,53.71710396,98.3454895,ok,
202211_114.22642830617639_22.700759857544092.png,0.252522469,0.220381737,0.15239524799999998,24.09399033,79.31734562,45.20031071,125.435957,ok,
202211_114.2273256_22.557942800000003.png,0.342132568,0.0,0.522135734,40.38751602,73.8124342,56.7766552,101.4460945,ok,
202211_114.23005136136408_22.7412320600931.png,0.115344048,0.354474068,0.188718796,22.87902832,67.18345547,48.45188808,177.3832798,ok,
202211_114.2301294_22.737622900000005.png,0.025923729,0.266236305,0.41735363000000003,28.20360661,92.8668108,65.71897793,152.1241598,ok,
202211_114.23443416997084_22.70443946701597.png,0.067587852,0.317487717,0.199088096,22.22436905,73.97555161,28.63103771,148.3186483,ok,
202211_114.2361757_22.730064800000008.png,0.156847954,0.207695961,0.213803291,18.92067432,63.74027634,37.36861324,112.9761763,ok,
202211_114.24092502102194_22.72834490326265.png,0.579102516,0.021085739,0.102608682,42.8981781,62.76374245,63.02626514,112.467658,ok,
202211_114.2417927_22.721100999999997.png,0.094157219,0.248109818,0.294946671,23.59472752,97.50249386,52.97478294,151.0154362,ok,
202211_114.25240049211995_22.71598604493676.png,0.029292107,0.269879341,0.223067284,17.36233234,85.59946442,31.70876312,127.6285677,ok,
202211_114.2553826_22.7219132.png,0.310289383,0.116096497,0.15299320200000002,29.08929348,86.23630428,78.56921196,108.1134043,ok,
202211_114.2597717_22.748227099999998.png,0.096640587,0.288004875,0.169921875,14.95672703,64.38940716,40.83631229,130.3447142,ok,
202211_114.2690539_22.690821300000003.png,0.172338486,0.187477112,0.316377639,28.53263855,65.07142448,56.68331051,148.84624,ok,
202211_114.2760337_22.7631342.png,0.080485344,0.320285797,0.34479141300000005,15.10969162,60.46281147,52.076334,140.0677824,ok,
202211_114.28544010000002_22.781407799999997.png,0.149429321,0.238461494,0.324499131,15.17219067,83.55564976,32.71786213,140.5652475,ok,
202211_114.2873667_22.697519499999995.png,0.065002441,0.118459702,0.351429939,27.34442711,102.0127573,73.93496037,145.1923275,ok,
202211_114.29145377862082_22.72440749735727.png,0.002038002,0.335211754,0.28680229199999996,24.73940849,89.70302677,34.41172981,178.2118301,ok,
202211_114.2954426_22.676837.png,0.066076279,0.336640358,0.219230652,18.67554188,99.60064125,40.6245575,130.1030388,ok,
202211_114.3011382_22.6976226.png,0.077131271,0.260472298,0.187495232,16.2784481,86.58031273,56.28511429,163.6147938,ok,
202211_114.30676170000001_22.6703835.png,0.325000763,0.190504074,0.230378151,33.00192833,68.37755013,81.51080894,137.4497547,ok,
202211_114.3072554_22.766458099999998.png,0.08127594,0.302801132,0.198738099,18.18552017,59.31777668,20.76057625,178.1685858,ok,
202211_114.31441280650962_22.67996343438464.png,0.395979881,0.121850967,0.401823044,28.04237366,58.62925911,37.19098759,109.7943373,ok,
202211_114.3162351_22.766853299999998.png,0.159142494,0.271857262,0.121783257,19.32606697,84.00426865,24.78691769,152.9383459,ok,
202211_114.3254350036764_22.68151625721614.png,0.046295166,0.227901459,0.340929031,28.54382515,80.0541687,25.0884676,137.7181225,ok,
202211_114.33041262094612_22.699174530065097.png,0.043847084,0.179792404,0.381580352,18.31513882,87.90235806,52.55721569,111.9328165,ok,
202211_114.3351278_22.708945700000005.png,0.20538044,0.197293282,0.183971405,23.31749439,82.36045933,49.65797043,99.52698612,ok,
202211_114.3404670682303_22.697019432676996.png,0.030438423,0.368372917,0.19010925199999998,18.7757349,74.65720463,23.54713535,152.064146,ok,
202211_114.3459751_22.707297799999996.png,0.116098404,0.417580605,0.10295105,14.11043644,80.39541435,21.58491611,155.7322893,ok,
202211_114.3511078_22.681715400000005.png,0.173120499,0.323116302,0.081160546,20.36034107,66.79415417,51.58454609,141.7092352,ok,
202211_114.3569203_22.6889893.png,0.282251358,0.135372162,0.17155265800000002,27.6092577,94.83779716,65.73242378,110.4673653,ok,
202211_114.3658786_22.743978499999994.png,0.11572361,0.171239853,0.323637009,22.7321434,64.9369278,28.00524998,113.506444,ok,
202211_114.368547_22.736087599999998.png,0.255867004,0.186868668,0.262804031,23.79243851,75.42258072,49.91383076,109.8405199,ok,
202211_114.37215326558275_22.730109705730648.png,0.525479317,0.016878128,0.114426613,43.69607449,62.41348743,66.95413876,128.6315851,ok,
202211_114.3734899_22.7272945.png,0.085316658,0.403589249,0.083003998,13.33661556,97.18556404,34.38932896,140.9402952,ok,
202211_114.3769458_22.689101.png,0.528633118,0.086266518,0.193552017,29.35777187,54.9939909,68.46945763,102.9294596,ok,
202211_114.38063190000001_22.6953099.png,0.030397415,0.37669754,0.19168853700000002,16.03185654,105.2118759,43.28656578,132.945302,ok,
202211_114.40298750000001_22.696152799999997.png,0.026421547,0.413949013,0.117620468,14.65395927,99.81379032,50.14476109,127.0309057,ok,
202212_113.77643691902465_22.689496014406288.png,0.08955574,0.258047104,0.19469356499999999,17.6427269,71.0709734,53.98836422,127.9380703,ok,
202212_113.7773688_22.700072399999996.png,0.030778885,0.350737572,0.137434959,17.24146843,59.37541199,39.37873363,153.9241791,ok,
202212_113.78080880458923_22.697984700257628.png,0.171385765,0.198482513,0.16678905500000002,24.70609188,63.79106522,49.10838604,127.8537436,ok,
202212_113.7951026_22.699638300000004.png,0.090143204,0.342188835,0.14611148799999998,22.37101078,60.90358162,35.45610619,200.3490372,ok,
202212_113.79688929487973_22.680480331073678.png,0.090979576,0.288678169,0.378714561,24.65064526,68.1746912,36.11301136,184.3857803,ok,
202212_113.8052854_22.6785739.png,0.135238647,0.165610313,0.353252411,32.12499619,86.40342236,35.80449772,172.6015224,ok,
202212_113.81152624040243_22.669452211760223.png,0.003246307,0.35145092,0.253053665,23.61880302,74.81802177,48.99653912,153.1756506,ok,
202212_113.8150205_22.6618553.png,0.07772541,0.257036209,0.20340160599999998,24.68055725,52.47230625,32.73668098,175.3930273,ok,
202212_113.822997_22.673369699999995.png,0.068881989,0.27532959,0.215932846,21.78906441,95.41778374,48.65578461,143.3236036,ok,
202212_113.8333147_22.5931892.png,0.118436813,0.029346466,0.6933183669999999,29.8212862,40.37957191,47.71180534,81.518857,ok,
202212_113.84548710000001_22.595948799999995.png,0.385853767,0.104431152,0.226637841,35.66968918,75.44275951,48.70743084,108.1879244,ok,
202212_113.8455067_22.571828900000003.png,0.183515549,0.208628654,0.199247359,17.64613152,83.43480587,38.03408241,96.77067089,ok,
202212_113.8545129_22.757254.png,0.131477356,0.384152412,0.073758125,12.65836716,103.2468023,39.77367783,133.9372597,ok,
202212_113.8597812_22.757076.png,0.168708801,0.271177292,0.098567962,16.72883034,92.55750465,28.57659149,125.6549606,ok,
202212_113.86139183326183_22.587593857146626.png,0.295031548,0.003503799,0.42325019799999997,29.3516922,66.91476727,82.08952999,91.2510376,ok,
202212_113.86693239299775_22.5059467417505.png,0.196817398,0.346289635,0.269309998,11.51174068,66.57287121,40.4730463,141.9347992,ok,
202212_113.8680685_22.5560727.png,0.073397636,0.425724983,0.078423501,13.78578186,72.29366779,23.80206203,149.3893843,ok,
202212_113.87041220000002_22.5580962.png,0.066959381,0.292801857,0.183268547,19.70276356,63.23075676,18.99307251,143.432169,ok,
202212_113.8707263_22.568021299999998.png,0.159385681,0.259320259,0.190208435,23.56603146,89.80411434,25.71393204,131.7972279,ok,
202212_113.8757923_22.514260899999996.png,0.050862312,0.405971527,0.084590912,10.2778101,78.92518044,27.92007732,173.6487083,ok,
202212_113.87765440000001_22.775584799999997.png,0.073805809,0.379085541,0.157590867,18.37934017,77.14887047,69.79988098,112.4701538,ok,
202212_113.8790194_22.5608856.png,0.118884087,0.33616066,0.08027652,19.38127041,96.88348866,27.06501675,141.1642303,ok,
202212_113.881676_22.5046663.png,0.052154541,0.126976967,0.402080536,15.47033787,75.72958755,18.1003809,124.9673901,ok,
202212_113.8839338_22.792216499999995.png,0.048707008,0.236368179,0.2665205,22.70660877,80.60332012,29.84318256,127.2862549,ok,
202212_113.8850943_22.7812449.png,0.02396965,0.247505188,0.236948013,21.40872002,105.1496181,39.2224369,119.5012732,ok,
202212_113.8871212311432_22.59073404108649.png,0.353149414,0.092244148,0.15608406,25.56600094,52.57071686,38.11017418,100.7265978,ok,
202212_113.8873515_22.494999999999997.png,0.190876007,0.111860275,0.359273911,19.14440632,56.21272182,21.89989758,116.2748203,ok,
202212_113.891474774064_22.785579979547432.png,0.151460648,0.074557304,0.507321374,34.2249155,63.86804676,49.39189529,100.3801088,ok,
202212_113.8915262_22.7874822.png,0.324987411,0.16036129,0.114889144,30.40882587,78.29267693,41.0759697,121.6444168,ok,
202212_113.89180624418951_22.79290449136687.png,0.046844482,0.184916496,0.289233208,25.23064613,70.90803242,32.3540659,116.3795004,ok,
202212_113.8943005_22.776301499999995.png,0.030808449,0.378921509,0.110228539,14.46743488,105.5067644,31.29689407,136.4864025,ok,
202212_113.8982409_22.550873.png,0.206143379,0.169699669,0.269883157,35.72586536,69.87553978,43.84873676,178.4173059,ok,
202212_113.89919588637308_22.514262033985645.png,0.358045578,0.079936981,0.524562836,29.34828758,61.19873238,47.20435715,89.21924782,ok,
202212_113.90245330000002_22.580992999999996.png,0.136904716,0.183034897,0.241160393,18.27939034,87.53888035,30.23572254,94.62335873,ok,
202212_113.9048747_22.5351983.png,0.119668961,0.330640793,0.071290017,16.93335056,82.86886024,21.14989567,147.4690504,ok,
202212_113.9088971_22.5624485.png,0.125950813,0.216153145,0.218877793,26.05967045,64.8573513,42.9193182,136.0210934,ok,
202212_113.909758_22.487155499999997.png,0.143796921,0.138272285,0.38338089,29.36628342,89.44729805,56.08396721,114.4172401,ok,
202212_113.9112664_22.481579000000004.png,0.407071114,0.149956703,0.05333519,29.42221642,77.45912457,58.86190319,113.3135452,ok,
202212_113.9144565_22.508373499999998.png,0.273628235,0.114033699,0.24629879000000002,23.89457703,54.97149849,51.17550087,88.29925919,ok,
202212_113.9169837_22.524702500000004.png,0.447095871,0.019282341,0.08568954399999999,32.40490437,49.36907196,60.92092228,76.8061676,ok,
202212_113.9185767_22.7716986.png,0.058999062,0.142431259,0.371794701,22.81507015,89.77660179,58.31841564,184.9575396,ok,
202212_113.9200199_22.4932087.png,0.125870705,0.285545349,0.129833221,13.71282578,99.81909752,43.12701988,108.9560261,ok,
202212_113.9224188_22.538887600000006.png,0.217731476,0.175685883,0.202534675,19.66409683,69.17937756,37.94758797,98.87518311,ok,
202212_113.9239898_22.504820799999997.png,0.148696899,0.237812996,0.150108338,15.28162479,92.44049358,32.62271595,113.2621403,ok,
202212_113.9270181_22.5401367.png,0.437530518,0.062146187,0.15867996199999998,41.03998661,57.84806728,75.39894104,109.9946442,ok,
202212_113.9281393_22.7900159.png,0.144897461,0.159666061,0.257387162,26.70411587,90.21357536,38.57562923,132.4726877,ok,
202212_113.9303129_22.7637627.png,0.141676903,0.268486977,0.12246417899999999,24.16500092,60.28393173,39.21651649,181.9963341,ok,
202212_113.93087370000002_22.545790199999995.png,0.204123497,0.092321396,0.32967281299999995,21.80146694,67.84768867,29.76111221,190.8581696,ok,
202212_113.931886_22.7478105.png,0.076146126,0.261105537,0.18836597,24.48357582,79.46667576,19.7584095,181.0102215,ok,
202212_113.9340142_22.516298099999997.png,0.116347313,0.167358398,0.29255676199999997,27.79894352,62.34623528,39.75304699,178.3828325,ok,
202212_113.9356375_22.5753551.png,0.16999054,0.156381607,0.490235329,36.40970707,88.09725285,65.51263237,141.9883308,ok,
202212_113.93686530000001_22.496623499999995.png,0.254619598,0.168664932,0.12164878800000001,21.37564659,70.72863674,55.86793137,104.4555178,ok,
202212_113.9384694_22.50815679999999.png,0.391032219,0.117505074,0.14396667400000002,27.42905617,82.74950981,74.72839165,91.91415405,ok,
202212_113.9402644_22.519026199999995.png,0.038290977,0.02776432,0.538910866,27.86946774,95.6702013,51.41881847,109.9832993,ok,
202212_113.9436688_22.539266799999996.png,0.183743477,0.224956512,0.154764176,16.05739117,94.92890549,35.11060429,120.5989189,ok,
202212_113.9450831_22.532614599999995.png,0.200216293,0.168435097,0.231305122,21.67233467,92.53480816,44.24602604,115.819418,ok,
202212_113.94629651068989_22.542967760048658.png,0.489625931,0.072323799,0.096071243,40.81187725,78.98139477,103.1284609,92.44575214,ok,
202212_113.9494489_22.5835412.png,0.095348358,0.357535362,0.12504959100000002,17.0668602,35.38906193,20.44439697,130.3382149,ok,
202212_113.95960670000001_22.543149499999995.png,0.109337807,0.360575676,0.053285599,17.90099144,92.74007511,27.50009346,157.3871603,ok,
202212_113.9694544_22.528250199999995.png,0.187520027,0.183600426,0.219575882,29.11336899,56.53990555,32.70944118,143.2890587,ok,
202212_113.9776265_22.5282479.png,0.137797356,0.367980003,0.022276879,10.30674934,95.24627972,25.24264526,147.1354399,ok,
202212_113.9847278_22.5463916.png,0.28337574,0.212888718,0.056301117,33.13251972,74.00837994,66.40988731,133.2089987,ok,
202212_113.9878482_22.594933299999997.png,0.130878448,0.221522331,0.265229226,22.57407188,28.43888187,44.60427952,117.3667774,ok,
202212_113.992758_22.535601.png,0.113075256,0.299071312,0.10543060300000001,13.83782387,78.02913857,27.46285534,138.7569218,ok,
202212_114.0005612_22.5402458.png,0.361785889,0.088323593,0.083819389,24.22336578,81.7933836,47.37375927,96.68488312,ok,
202212_114.0109223_22.545793100000004.png,0.308329582,0.213795662,0.025857926,17.54423618,79.06392002,37.84410477,118.5666533,ok,
202212_114.0250293_22.545575599999992.png,0.356477737,0.217274666,0.011512757,16.29960537,81.29660702,45.6117115,116.2403975,ok,
202212_114.0326051_22.526367499999996.png,0.06494236,0.378037453,0.074391366,20.56777954,100.2195873,25.03616714,174.2082815,ok,
202212_114.048521_22.5232585.png,0.33032608,0.0,0.24194526700000002,43.12239647,77.17197323,50.69558048,108.4237967,ok,
202212_114.0551493_22.518495400000003.png,0.227845192,0.182100296,0.123111725,21.46368027,78.87360668,35.49046421,128.765132,ok,
202212_114.05823080000002_22.540602100000005.png,0.165981293,0.124847412,0.269532204,33.91606808,81.91646481,23.2121048,170.3765478,ok,
202212_114.0658167_22.534223299999994.png,0.321174622,0.03464222,0.450023651,36.10256195,94.74575615,79.96974659,111.3980036,ok,
202212_114.0770361_22.5528905.png,0.302097321,0.198582649,0.065542221,31.70744419,77.97604847,49.6791172,120.4670134,ok,
202212_114.0864988_22.5573059.png,0.426882744,0.000471115,0.18743133499999998,38.69542122,71.09282303,43.20213509,127.6573696,ok,
202212_114.0908997_22.5583526.png,0.129165649,0.322354317,0.063861847,17.23587513,96.38613129,28.03649521,148.3844776,ok,
202212_114.0910387431752_22.549649716591308.png,0.177752495,0.218266487,0.203683854,28.91055107,81.66954422,39.04027271,127.5711985,ok,
202212_114.1040977_22.558683299999995.png,0.12583828,0.247493744,0.14395329,25.45097351,87.45649147,26.96144009,152.7090721,ok,
202212_114.1136781_22.5459787.png,0.102119446,0.05632782,0.388731957,28.12481403,96.28808689,42.70636368,103.6050491,ok,
202212_114.12220825245038_22.563703360607565.png,0.321119308,0.055783272,0.39324188200000004,34.04836178,56.12441254,46.04494953,102.0399332,ok,
202212_114.1282478_22.556577899999997.png,0.142731667,0.141530991,0.434131622,24.53780651,81.22405529,29.15672684,115.7507563,ok,
202212_114.2485962_22.597206699999997.png,0.237770081,0.233977318,0.170758248,27.37215042,74.67028999,33.39164257,148.8968716,ok,
202212_114.2643742_22.586968899999995.png,0.057662964,0.201807976,0.281456947,19.81925011,45.20072174,17.53392792,157.5808249,ok,
