capture_id,safe,lively,beautiful,wealthy,boring,depressing
201311_113.8327226_22.588928800000005.png,0.145827011,0.36632998899999997,0.2534934084,0.1055234872,0.6321580506,0.5520772831999999
201311_113.83766518162263_22.641416403895732.png,0.3768821196,0.381114304,0.49345442659999994,0.4045946198,0.391332368,0.3369189044
201311_113.87865392033376_22.61317748414232.png,0.3754018634,0.6782975518,0.5425666628,0.3271528522,0.49630544,0.36161031920000003
201311_113.882861_22.6128348.png,0.7747737654,0.891964956,0.8582418888,0.7323816166,0.041843662999999996,0.06680851260000001
201311_113.9022082_22.590201799999996.png,0.5271225582,0.5335675974,0.5241851554,0.6014466862,0.49149839279999996,0.3966346764
201311_113.97215286575438_22.599851368800312.png,0.622923291,0.852366483,0.6998747026000001,0.4912501756,0.3373152916,0.411395568
201311_113.9824091_22.594394199999996.png,0.4840600652,0.5638836306,0.5035673932,0.5210873974,0.291512408,0.2908796862
201311_114.0367137_22.625328199999995.png,0.4012957386,0.3577831668,0.2960648242,0.405234162,0.4749309342,0.5566371952
201311_114.07813510000001_22.5592236.png,0.5712549924,0.6672604628000001,0.5371686972,0.48948539780000005,0.5306869156,0.6335955268
201311_114.1331646_22.6036264.png,0.5635120894,0.6564209,0.5620977138,0.5666458564,0.31247445100000004,0.3635351652
201311_114.158799_22.6090681.png,0.1431168508,0.24540621940000001,0.185750201,0.2092384568,0.7160448652,0.5695854426
201311_114.16919617982792_22.62714279983004.png,0.38405898839999997,0.530899016,0.502884834,0.41448721180000003,0.41894702199999995,0.3061401686
201311_114.1708255_22.6072058.png,0.325372583,0.355339436,0.2959867908,0.37692127000000003,0.45730905,0.4309881678
201311_114.1832046_22.5984266.png,0.3490875856,0.5460832672,0.35953589539999997,0.2672244068,0.668812068,0.6880604252
201312_113.8235017_22.698809100000002.png,0.315042374,0.21041962399999997,0.1586707462,0.32945553959999996,0.6868861852,0.725142763
201312_113.83443584337306_22.74126975401547.png,0.4281999892,0.23471833279999998,0.2298776232,0.42449279119999994,0.5286654507999999,0.6640658332
201312_113.8374755_22.647390599999994.png,0.667042275,0.7570225982000001,0.6966367016,0.6625021664,0.18595298259999998,0.2298982536
201312_113.85777283738314_22.642709229323334.png,0.441644869,0.6445602066,0.4898566206,0.35601364879999997,0.4770082048,0.5059536626
201312_113.876258209507_22.67064777876147.png,0.2516172914,0.3741822,0.2766515328,0.24532596720000002,0.7032930916,0.6438532772000001
201312_113.8844253_22.668941099999998.png,0.3150707156,0.1265703388,0.10177489099999999,0.327939126,0.7987987924,0.8394389845999999
201312_113.89281280000002_22.556411099999995.png,0.5490510696,0.7880254122,0.6210727234,0.48909949739999997,0.42742734660000004,0.429870672
201312_113.9201526_22.757344299999996.png,0.201355072,0.2848529354,0.3110250636,0.25539575659999997,0.5945424866,0.4633342528
201312_113.9429058_22.681555399999997.png,0.3476825872,0.164261457,0.1473582948,0.3675085346,0.720996674,0.7516369415999999
201312_113.9569087_22.710923500000003.png,0.5064019338,0.6342034408,0.6353048806,0.5022162675999999,0.2824550474,0.22835401439999997
201312_113.96037321245348_22.71031364112373.png,0.2607096704,0.1076479024,0.1037403598,0.2637309142,0.5734140560000001,0.6378853172000001
201312_113.9663157_22.5911024.png,0.6934524663999999,0.6692515462,0.6949339113999999,0.7303070629999999,0.1743102638,0.2056021404
201312_114.02460795663488_22.690583366445924.png,0.288592312,0.2372543286,0.19930543380000001,0.3510953798,0.5399752964,0.4887198112
201312_114.1465315_22.64902.png,0.294349731,0.3071114416,0.2798686168,0.3606606042,0.581074653,0.48778535500000003
201312_114.15496564402403_22.68774104495292.png,0.228452551,0.2148907226,0.14987624,0.277767176,0.6217071634,0.5806959262
201312_114.1675356_22.644914899999993.png,0.38098142620000003,0.3718878852,0.3776132144,0.45633212040000004,0.430179681,0.3496881316
201312_114.18655560000002_22.637104.png,0.313050445,0.1191881706,0.0953425674,0.3321867474,0.7074485154000001,0.7590017294
201312_114.19316369793675_22.635618175979587.png,0.4003747916,0.465664678,0.35815261660000003,0.371285815,0.48579246979999996,0.5814088258
201312_114.1943834_22.631455699999997.png,0.5703285214,0.5573196584,0.5631008382,0.6210158908000001,0.3895166688,0.3763668568
201312_114.2010636_22.665965500000006.png,0.0414002172,0.1987652958,0.199668279,0.045094675,0.7522019263999999,0.622481359
201312_114.2148053_22.727966299999995.png,0.343131574,0.30422640479999996,0.24547185859999998,0.39714137159999996,0.4576191694,0.45227987020000004
201312_114.2280303_22.6858936.png,0.6493922476,0.6177072186,0.6713635273999999,0.6855493511999999,0.21033276339999998,0.21616476140000002
201312_114.2380314_22.670535799999996.png,0.2538444808,0.260359687,0.2113122406,0.28644729280000003,0.506946891,0.5004251316
201312_114.26495182895304_22.709595012731427.png,0.4176635018,0.4747405506,0.4867989274,0.48144586260000005,0.4309437006,0.32366909380000003
201312_114.2829641_22.722505.png,0.17046536240000001,0.11352218780000001,0.0681354418,0.2229790164,0.7287962462,0.6642945908
201312_114.297774_22.668009000000005.png,0.2751409872,0.2249199598,0.1652952752,0.3068581054,0.6001848556,0.6042117348
201312_114.3024738_22.713602799999997.png,0.2160789736,0.1874182756,0.1295866234,0.238767582,0.6705728442,0.6496432216
201312_114.3081115_22.7803939.png,0.050909716199999996,0.0311350364,0.030150890000000003,0.0824740236,0.7963721716000001,0.7263307618
201312_114.30882777640898_22.732776127722143.png,0.10662107800000001,0.255398486,0.1718460678,0.1232774574,0.6050614394,0.5130898604
201312_114.3115919864939_22.782113155236605.png,0.256981849,0.420282772,0.33325473240000003,0.2784512174,0.6479301048,0.5216768096
201312_114.31522844727854_22.755518967676593.png,0.0086628092,0.23950586079999997,0.23378517099999999,0.0,0.6264566394,0.48463466339999994
201312_114.32047496065323_22.79014665066662.png,0.3205466388,0.1691383844,0.1502160198,0.3591532264,0.556240972,0.5773965254
201312_114.3210375_22.764714699999995.png,0.0,0.1440591564,0.1126540442,0.0249843622,0.7472270693999999,0.6253197278
201312_114.3589352_22.74361039999999.png,0.6467270018,0.5825892888,0.6823543597999999,0.7218372482000001,0.2987085614,0.21768392259999997
201312_114.36616_22.6108985.png,0.6261371978,0.8187428750000001,0.7353552942,0.6054185160000001,0.1618199146,0.1310212296
201312_114.3839314_22.616090400000004.png,0.47855704120000003,0.4994242216,0.43274667019999996,0.5231386020000001,0.4028469984,0.41972110420000003
201312_114.4100365_22.6964255.png,0.17931107200000002,0.2386641344,0.1858767976,0.2253395168,0.5940598498,0.5170502466
201312_114.4226865_22.63003519999999.png,0.349398144,0.3797431638,0.3320648954,0.3992814148,0.425974336,0.3995078782
201312_114.44753853438388_22.59878176472855.png,0.3597470474,0.6102164794,0.5359299728,0.342938859,0.34568331799999996,0.2263774218
201312_114.4766241_22.591292899999996.png,0.1379835906,0.19681695459999998,0.1270883588,0.18628938639999998,0.7325777024,0.6271189748
201312_114.47875850000001_22.553592399999996.png,0.16016593699999998,0.198012888,0.1566038138,0.2173685898,0.6344256886,0.5347501538
201312_114.4840805_22.53794989999999.png,0.188937661,0.0397338434,0.0525888574,0.1943782586,0.6739694462,0.6870688632
201312_114.4932418459449_22.59812495946907.png,0.6146031448,0.849903258,0.7000410658,0.47781779240000005,0.3224770774,0.392774267
201402_114.2354072444943_22.717375951530183.png,0.463683625,0.3491240608,0.2896529108,0.4488163414,0.5382730722,0.6952987766
201402_114.30325706315772_22.703626619142224.png,0.3913221632,0.5372041136,0.42633917520000003,0.30837419920000003,0.44980468939999996,0.5010326956
201402_114.31282391584024_22.716085470930057.png,0.5654261986,0.6025884326,0.535362295,0.5875836235999999,0.28051302499999997,0.3533914586
201402_114.3897088_22.742227699999997.png,0.1298337352,0.0,0.0,0.1331196728,0.761264436,0.7877942014
201402_114.410324_22.6407317.png,0.048024101400000005,0.2221616158,0.182415236,0.0144496694,0.7843570544,0.72793039
201403_114.02884416138046_22.76146747143481.png,0.2534721952,0.46905870600000005,0.4641111112,0.1471936372,0.5950410118,0.5918809318
201403_114.291943_22.670415299999995.png,0.1979096276,0.0724050152,0.053550735599999996,0.1916967876,0.671123056,0.7182009926
201404_113.88194917077641_22.8155861177406.png,0.16668398,0.515477362,0.41280599459999995,0.0482165008,0.6217109884,0.5453158728
201404_113.8891361_22.658751799999997.png,0.1295686518,0.345461996,0.3135620206,0.06425890819999999,0.7968307796,0.7240805308
201404_113.9381102174492_22.67214804135569.png,0.2213042242,0.4659478096,0.43056266719999997,0.1207914954,0.690604774,0.6475830638
201408_113.9440293_22.7980389.png,0.1596379316,0.19455957,0.137027929,0.1729935796,0.7163009442,0.6770653252
201410_114.39313294679685_22.740476520102636.png,0.247178004,0.43978951320000004,0.41117495460000003,0.2459393614,0.467042308,0.3681870156
201410_114.401642_22.760514199999992.png,0.12336368900000001,0.2502538044,0.301470654,0.1343898812,0.7675956976,0.6169558422
201509_113.8842395_22.5070012.png,0.157461301,0.21628107459999998,0.22777659919999999,0.1397196386,1.0,0.9534853480000001
201510_113.9132915_22.4939517.png,0.3153791524,0.3845259698,0.3478445868,0.23638325259999998,0.6749099064,0.7591256538
201510_114.12311478463587_22.540428499015647.png,0.2287239194,0.18083480899999999,0.2220205312,0.2509428708,0.724330703,0.6910309242
201510_114.141854_22.6526184.png,0.2417916296,0.3542461806,0.3310109378,0.2818938938,0.668992824,0.5432513608
201510_114.1548433_22.612801099999995.png,0.0624228734,0.11154175959999998,0.16207883979999999,0.0800034544,0.799176683,0.7171128032
201511_113.78989593872954_22.626797290819933.png,0.1396857372,0.28498253419999997,0.3705367402,0.14840815140000002,0.6460086786,0.48310218860000004
201511_113.8926971_22.590370800000002.png,0.2580126402,0.4206182518,0.2882270684,0.24722540240000002,0.6057270878,0.5352669515999999
201601_113.8745102_22.5675937.png,0.220967766,0.0982515036,0.07572083560000001,0.2013422148,0.8286813784,0.8795648363999999
201601_113.91355756883638_22.578036885096644.png,0.1096755026,0.36405972919999996,0.2963979964,0.034094199,0.8615404050000001,0.7874013277999999
201601_113.9205707480704_22.555670959071687.png,0.0882910086,0.304608582,0.223728875,0.061835277200000004,0.8727391294,0.7509823198000001
201601_113.9367483_22.5688907.png,0.1524694694,0.20872709,0.21676728220000002,0.163344954,0.8813416578,0.7979142954
201601_113.95563_22.5731096.png,0.502634322,0.565727316,0.46849950700000004,0.4432089532,0.5171306166,0.5960796212
201601_113.97572705186109_22.58630829746072.png,0.17746325359999998,0.3163572738,0.3546197506,0.1610469444,0.7759463644,0.6601103036
201601_113.98643188363951_22.565336028740756.png,0.4436911596,0.6618296628,0.5115491764,0.40660888159999997,0.40865227319999997,0.3974917638
201601_114.00555478492693_22.63003206862512.png,0.2849233358,0.43273273440000004,0.4067309422,0.29599764419999997,0.5047606568,0.4087231572
201601_114.0135251_22.565275.png,0.4557071826,0.7323334380000001,0.646160401,0.33522429260000003,0.4058612964,0.4223946872
201601_114.03942740028948_22.59325947934857.png,0.1994249506,0.305300731,0.2497385222,0.2126820128,0.760082216,0.6550171822
201601_114.0493319_22.6903141.png,0.18335141319999998,0.34488253480000003,0.2858382328,0.1824269456,0.6891598057999999,0.5751287106
201601_114.04964802536469_22.65207090120377.png,0.49714474839999995,0.6965734472,0.6159516244,0.464970017,0.3836039016,0.32629419579999996
201601_114.0712346_22.5696774.png,0.25681488080000003,0.4071051836,0.36469809880000004,0.272485916,0.7067425573999999,0.5766665442
201601_114.10467809451235_22.63798504103764.png,0.234653951,0.5285542904,0.5495774268,0.118647374,0.6575868628,0.6296304514
201601_114.1115713_22.576595899999997.png,0.3174328888,0.3165481808,0.3538012714,0.3218153784,0.8708940070000001,0.8156369778
201602_114.0076178_22.653348199999996.png,0.2117460878,0.2267694976,0.2279408138,0.1667318164,0.8421879524,0.892799617
201602_114.1318184_22.558027199999998.png,0.3067652608,0.176393779,0.1347580692,0.2829142586,0.6627064814,0.7698032396000001
201606_114.0391485_22.7282786.png,0.2669152334,0.324622942,0.31355958840000003,0.3349653732,0.5664762862,0.4485165906
201607_114.1406262_22.5624803.png,0.4777078294,0.6051608744,0.5976804581999999,0.4998843138,0.4258411474,0.3181190016
201608_114.2805139_22.625256699999998.png,0.5458590196,0.8367008072000001,0.682298581,0.4739874166,0.32733027,0.28941373719999997
201608_114.300297_22.5877188.png,0.5042767826000001,0.6391734808,0.5232566188,0.4945842226,0.4061124716,0.4268681872
201708_113.9089397_22.523997199999993.png,0.6591115476,0.9041026058,0.7206242096000001,0.5450719854,0.36647308879999996,0.42243303680000005
201708_113.9153991_22.566538199999997.png,0.178775581,0.1190244264,0.09913452440000001,0.161131585,0.8100328244,0.8514981589999999
201708_113.9303359_22.515187099999995.png,0.435490465,0.4137202528,0.34621589799999997,0.45638793460000004,0.39933064420000003,0.47917630019999996
201708_113.9439892_22.5486754.png,0.4046564782,0.44941163,0.3387221376,0.387052231,0.5605612632,0.6335322247999999
201708_114.1139086_22.538370400000005.png,0.4713394212,0.3468096462,0.33457732760000003,0.5330200792,0.5855441194,0.5745152854
201709_113.9344939_22.552632599999995.png,0.1713899922,0.3860991968,0.3724393364,0.060597533599999996,0.8534358134,0.8448466057999999
201709_113.943607_22.5605947.png,0.49614542139999995,0.3948442716,0.4427520114,0.4977537862,0.2978108628,0.396883195
201709_113.96211397355088_22.531719062555634.png,0.4928113422,0.7567707462000001,0.6263802108000001,0.35245682559999997,0.3683469478,0.42587578800000003
201709_113.9639129_22.534823.png,0.4809271804,0.3127662848,0.2647862806,0.46665938999999995,0.5844310436,0.7482347172
201709_113.9994241_22.667688899999998.png,0.3365790246,0.2880425758,0.24161011719999997,0.3038207602,0.7522560648,0.8294054702
201709_114.0018234_22.667901699999994.png,0.410254535,0.21808383400000003,0.19656323879999998,0.3932258354,0.6519205632,0.7951532954
201709_114.0144989_22.623911299999996.png,0.2748038484,0.5259213074,0.3529276622,0.2318969024,0.5912211094,0.5154898052
201709_114.01594280000002_22.643162600000004.png,0.4776553892,0.299689195,0.29372516000000004,0.4874922462,0.6501962716,0.7273934964000001
201709_114.0218923_22.6305483.png,0.3886964678,0.392066393,0.3543039688,0.45081445059999997,0.49448091380000003,0.4411971858
201709_114.0241351_22.6258048.png,0.4368208462,0.26793215680000004,0.2484537478,0.4291050428,0.6644123343999999,0.7793003628
201709_114.0333185_22.7434467.png,0.7108615088,0.7726381458,0.7278141464,0.6988002987999999,0.147518868,0.2274734402
201709_114.03886620000002_22.64132529999999.png,0.446625572,0.5495217728,0.4738162774,0.3939410222,0.5632011034,0.5871455164
201709_114.0414485_22.640062199999996.png,0.344529367,0.3056603464,0.25414828100000003,0.312007107,0.7509166276,0.8212021838
201709_114.0502404_22.601815099999996.png,0.41976551520000005,0.21604024100000002,0.170722549,0.401470635,0.861399076,0.9740443898000001
201709_114.0569058_22.528170200000005.png,0.5163661420000001,0.354477166,0.3484219934,0.5098590276,0.5157014388000001,0.6605018374
201709_114.06019570199695_22.61155481335208.png,0.27781075639999997,0.17559640940000001,0.15773604800000002,0.3200224936,0.6669135918,0.6462262599999999
201709_114.0612517_22.7125737.png,0.4964723122,0.663499635,0.49020037299999997,0.409680251,0.5862651814000001,0.6421173322
201709_114.06861678573122_22.721309304140785.png,0.12239162299999999,0.0814942474,0.0352736106,0.139465597,0.7583435072,0.7383388592
201709_114.0696131_22.72285939999999.png,0.3656046636,0.3102990236,0.2522829786,0.3839196102,0.44304345840000003,0.5134256282
201709_114.0793126_22.562718900000004.png,0.6610016383999999,0.8614297632,0.7177581746,0.592232658,0.2939034758,0.3428372946
201709_114.0871723_22.5609009.png,0.20831913740000002,0.1317111054,0.1330887624,0.2282705916,0.823105898,0.791916694
201709_114.0946047_22.6365959.png,0.1753969476,0.14437324499999998,0.1165634772,0.2178504052,0.7980523284000001,0.7154031502
201709_114.1036659_22.633577100000004.png,0.4986283672,0.5323864762,0.450777007,0.46679380740000004,0.4146630192,0.514988749
201709_114.1064122_22.6536206.png,0.2688265004,0.3723171638,0.29895631640000003,0.3011774316,0.5557688294,0.4767219292
201709_114.1390699_22.549754199999995.png,0.4112887688,0.2934452038,0.2775972166,0.4134301042,0.5769646390000001,0.6601253754
201902_113.78802927099669_22.681579777229107.png,0.3501793836,0.35124708400000004,0.27639566439999996,0.2885126508,0.7290370252,0.8536385326
201902_113.7968278_22.6764534.png,0.329259006,0.2113753698,0.1946681824,0.37031298819999997,0.6651947926,0.6512845486
201902_113.8125536_22.742092199999995.png,0.5815625842000001,0.5312960058,0.5844185094000001,0.6316339848,0.3233486876,0.30258634619999997
201902_113.822293711952_22.708451784912096.png,0.2839281318,0.30375115519999996,0.22118855320000003,0.2298168714,0.7761867512,0.8685682291999999
201902_113.82461400636875_22.737846546103565.png,0.6009701206,0.6298532634,0.5979272464000001,0.6569389978,0.33813541140000003,0.3257321404
201902_113.86370289163905_22.8024886393656.png,0.1915686804,0.18532628980000002,0.1057027478,0.2384599254,0.7012231769999999,0.649172979
201902_113.8693476_22.598104299999996.png,0.587285697,0.4834634672,0.44027991340000006,0.6272077266,0.44553569260000003,0.505260189
201902_113.8941739734363_22.720864788587726.png,0.45900547420000004,0.294574905,0.2817470936,0.47688766579999997,0.5258477970000001,0.6076052512000001
201902_113.91025928046581_22.57583711733693.png,0.3345111974,0.29000730360000004,0.2168117916,0.32340275900000004,0.6499235195999999,0.7346325177999999
201902_114.0317129_22.543413399999995.png,0.37087246679999997,0.3668962118,0.2853515072,0.4017631388,0.5256280066000001,0.5570288964000001
201902_114.04594474714749_22.567282191742024.png,0.313480255,0.24284677380000003,0.2055825216,0.2749669604,0.6701581745999999,0.7918225785999999
201908_114.2393767_22.557769699999998.png,0.6720741372,0.7336760834,0.6740867107999999,0.644124167,0.2270370394,0.3188653106
201909_113.9015183_22.709992299999996.png,0.4043434378,0.2492858696,0.240844944,0.4154438862,0.460585606,0.5639745186
202003_113.88955644157302_22.798927053748397.png,0.2187488228,0.384396936,0.37370668,0.11115990179999999,0.7200974062000001,0.7643177472
202003_114.0251856_22.63805.png,0.5747182108,0.5881833082,0.5809014527999999,0.49933417020000004,0.39749611420000003,0.5212784098000001
202003_114.1991135_22.709366499999998.png,0.0841295344,0.2636254884,0.305697551,0.07927547339999999,0.6457999708,0.5119159287999999
202003_114.2000427014398_22.692087883164596.png,0.6422235452,0.4427971662,0.4695608018,0.6654842174,0.43028570220000006,0.5113745136000001
202003_114.23825474491608_22.69764445152608.png,0.3004445692,0.40070693300000004,0.3319194898,0.3455607578,0.6358252472,0.5225782752
202101_113.85384977720011_22.78301523471154.png,0.1687556902,0.053887539799999995,0.036401933,0.203355597,0.763518049,0.7174316572
202101_113.8825929_22.794455400000004.png,0.3858989606,0.21377377540000003,0.228643763,0.3917210964,0.5090863422,0.5800371178
202101_113.888855_22.791229200000004.png,0.5877308386,0.41467515099999996,0.5018091486,0.6039425636,0.3474322758,0.393813389
202101_113.90091646008864_22.799239870213608.png,0.6547666126,0.428259537,0.464768943,0.6845403809999999,0.4233752958,0.49742917780000007
202101_113.93861180000002_22.7661842.png,0.5855428392,0.4278589954,0.4593536276,0.6283880568,0.3476460346,0.3799668578
202102_113.91371846455706_22.760970536511298.png,0.394623097,0.328360199,0.29928588079999996,0.45187795519999996,0.5166333662,0.4920058148
202102_113.946745_22.740813599999992.png,0.1401763538,0.2518925372,0.2849834326,0.1874370918,0.6966606356,0.5326062634000001
202102_114.0434234_22.704722999999998.png,0.39270466439999996,0.2734933628,0.259954574,0.4316214708,0.6415766778,0.6372417482
202103_113.77808539352496_22.70661859855536.png,0.44765900519999996,0.385584434,0.42636669979999997,0.4414239448,0.4048905304,0.47619005960000005
202103_113.78774241091746_22.712710262476318.png,0.4722300248,0.28129330659999996,0.24380583539999998,0.5202674594000001,0.6901489122,0.7051100646
202103_113.8106956_22.774374599999994.png,0.3862880592,0.21164268000000003,0.2035594906,0.385837117,0.635845353,0.7246760374
202103_113.81288850694662_22.667950333592696.png,0.0913546002,0.0338065238,0.053358287000000004,0.1156693612,0.8564694326,0.8001060808
202103_113.82008186652787_22.75965661067105.png,0.3878827232,0.2461232306,0.24552038120000003,0.390199805,0.7388212834,0.7729227828
202103_113.8244835_22.775231100000003.png,0.4520173904,0.3891903568,0.49370421459999997,0.46738393260000005,0.4993857438,0.489888719
202103_113.82636226744971_22.67478843036012.png,0.3706174712,0.3153031282,0.2250887234,0.3600668808,0.7529426038,0.8357835526
202103_113.8264963501249_22.68374108533307.png,0.45017757840000006,0.3874118944,0.3116955022,0.4452283326,0.572159259,0.686525606
202103_113.8352526_22.7190171.png,0.172688669,0.1303099972,0.07873807299999999,0.1537222362,0.721879465,0.7695610848000001
202103_113.837714_22.7391328.png,0.3971408694,0.2057383256,0.1858014802,0.397320728,0.6410960024000001,0.7477475605999999
202103_113.84227470000002_22.765698599999997.png,0.2986531142,0.1827180076,0.14058499559999998,0.3148071628,0.6925992676,0.7181492458000001
202103_113.8435713_22.621687999999995.png,0.527260424,0.6090268018,0.6099644964000001,0.46524524879999996,0.412656168,0.4448502732
202103_113.8521336_22.690685799999994.png,0.2001099564,0.3378779426,0.2231712908,0.1882475144,0.7074123250000001,0.6499637500000001
202103_113.85770470000001_22.582482999999996.png,0.42162294100000003,0.3020036902,0.246528289,0.40404511579999997,0.5861583753999999,0.7340947868
202103_113.86854584962914_22.602575394764475.png,0.259921065,0.2937212318,0.2213244328,0.2552761324,0.7338152378,0.7206458182000001
202103_113.8770939_22.5847014.png,0.794848614,0.6382318612,0.6951824022,0.8120122048,0.1724363068,0.2670827454
202103_113.87880600086551_22.78372813730076.png,0.5268027928000001,0.33907084919999997,0.36689600580000004,0.5121613152,0.5123991866,0.6543324166
202103_113.8871678_22.50216539999999.png,0.5326953156,0.45067250420000005,0.449533864,0.5392758054,0.45433692499999995,0.5199437116000001
202103_113.9070024_22.779004599999993.png,0.2782213516,0.2580308636,0.2908913516,0.242840405,0.8321054421999999,0.8761286166
202103_113.9159635_22.4858451.png,0.6375626075999999,0.5947547068000001,0.5698524095999999,0.6133695323999999,0.2538625658,0.40679328740000004
202103_113.9228765_22.525948399999997.png,0.3715935004,0.22478301539999998,0.2552412756,0.35648878759999997,0.6266567164,0.7136129464
202103_113.92463050000002_22.500260399999995.png,0.5488453118,0.4557938976,0.4312986134,0.5482690562,0.3521520836,0.49287613199999997
202103_113.9317217_22.5611119.png,0.5583750264,0.6891527746,0.5636947028,0.46217595840000003,0.3835562362,0.5052149732
202103_113.941758_22.503601700000004.png,0.4389789026,0.4072484244,0.4601168552,0.40208586840000005,0.49343227479999996,0.5546093582
202103_113.9429747_22.532584499999995.png,0.5517685153999999,0.5342472748,0.4645839328,0.528351214,0.4947730852,0.626124566
202103_113.9572307259974_22.543175451827373.png,0.674756356,0.7585495314,0.7182454272000001,0.6743061882,0.21706059940000003,0.22371903620000003
202103_113.9651074_22.569433700000005.png,0.39114618819999997,0.46445768559999995,0.3774340416,0.3376162184,0.6510930876,0.6861767758
202103_113.9772284_22.566765299999997.png,0.6174131415999999,0.5858434258,0.5318634799999999,0.5940272622,0.395951696,0.5366664588
202103_114.0028434_22.5361266.png,0.3017590182,0.43913211499999993,0.47463512139999997,0.2671799076,0.564274556,0.4953606468
202103_114.0214167_22.529604399999997.png,0.3936636404,0.26758206640000004,0.23445658260000002,0.3928262616,0.7135650866,0.7819141608
202103_114.0295192_22.6753357.png,0.37754710999999996,0.3976362362,0.3383057838,0.4034384384,0.49824020459999996,0.5076775502
202103_114.0343637_22.714637800000002.png,0.256264018,0.186206238,0.2016788654,0.247157754,0.8369644702000001,0.8613938494
202103_114.03556500000002_22.543814300000005.png,0.44621341560000005,0.4097245246,0.3555864324,0.4601003652,0.5116714553999999,0.5586425918
202103_114.0433253_22.542509600000002.png,0.4136892514,0.5778883751999999,0.4843616098,0.3073868192,0.5969974516,0.6405421538
202103_114.0492532_22.503914999999996.png,0.2989853692,0.26280814,0.2613400418,0.2765554604,0.6338907768,0.6836559209999999
202103_114.0552365_22.5092541.png,0.5393791658,0.4585981318,0.41832832719999996,0.551494194,0.43984232360000003,0.553746577
202103_114.05568005891669_22.668509965401316.png,0.178608813,0.4025313664,0.3548465948,0.0702517968,0.8640581392,0.8497245341999999
202103_114.0727822_22.654202299999998.png,0.089924022,0.0190081226,0.051398473,0.09246780839999999,0.9483545232000001,0.9467393444000001
202103_114.08177436810324_22.71047882066633.png,0.346385912,0.4108284354,0.2973760692,0.272844509,0.7991623638,0.8825818908
202103_114.0931461_22.554121899999995.png,0.51137375,0.4053162274,0.36453396520000003,0.5059610834,0.45574207400000005,0.6141024014
202103_114.0970567909583_22.7181553287723.png,0.1912624854,0.4138650676,0.41409085,0.07468061379999999,0.8273032006,0.8140040239999999
202103_114.097324_22.7009943.png,0.4284748402,0.3777329494,0.4238358232,0.46909289660000003,0.5923452678000001,0.5514533076
202103_114.0988453_22.704682299999998.png,0.0978457826,0.1841349978,0.1956977774,0.0847137404,0.8994626558000001,0.8494383362000001
202103_114.1102391_22.621661899999992.png,0.2945725422,0.3291752468,0.27879066140000003,0.301126935,0.7200699446,0.692336316
202103_114.1198452_22.5910835.png,0.2491849044,0.1564935596,0.1542054116,0.22885963720000002,0.7657828426,0.8287438149999999
202103_114.12190805793112_22.627928023917203.png,0.37721997900000004,0.6268700286,0.42126732860000005,0.2693083562,0.6557944078,0.655085173
202103_114.1227501_22.5559666.png,0.6186684252,0.5069390964,0.4704506258,0.6232961886,0.3547044392,0.5019216012000001
202103_114.1284662_22.625145700000004.png,0.3911938248,0.4427301268,0.3822603164,0.4170665704,0.4322077168,0.43483618479999997
202103_114.1462658_22.620422699999995.png,0.331548043,0.1970655776,0.15415968600000002,0.3613657158,0.6060317150000001,0.6448669444
202103_114.2151047_22.555198599999997.png,0.2996328262,0.3312435406,0.274555657,0.2693372228,0.668178785,0.6976392714
202103_114.21793862646713_22.67803233370238.png,0.28432679780000003,0.23877137340000001,0.17330486679999998,0.28960046419999996,0.6350941814,0.673634464
202103_114.2240115_22.690695.png,0.29837614160000003,0.21960019260000002,0.1946134982,0.2876013952,0.7838327348,0.817550436
202103_114.2358123_22.728261600000003.png,0.5944960314000001,0.6102922772,0.532538256,0.5660661264,0.4182699966,0.5274416342
202103_114.2422502421771_22.56227045019431.png,0.3099957404,0.3255453094,0.27051713460000004,0.28594712580000003,0.7149409106,0.731118594
202103_114.24886032892263_22.70519218145229.png,0.12146210939999999,0.0238191408,0.0219284194,0.11141186439999999,0.7390990374,0.779964195
202103_114.2580832_22.585963900000003.png,0.27787992959999996,0.21199038899999997,0.231702186,0.24628671959999998,0.8235737251999999,0.8908828096000001
202103_114.2781623_22.7481021.png,0.0955577864,0.0857947808,0.11494321999999998,0.12283546320000001,0.8483048178000001,0.7794633064000001
202103_114.30650090000002_22.600766799999995.png,0.3893812334,0.4171350262,0.3541366326,0.4415701966,0.529704086,0.49285000739999996
202201_114.2731717_22.634134700000004.png,0.6112366408,0.7172577576,0.6442617368,0.6194551778,0.21564240620000003,0.231277037
202202_113.90250819161481_22.798201494461292.png,0.340610599,0.19394668980000002,0.17986036160000002,0.3692681948,0.5759108998,0.6121254738
202203_113.8044636404817_22.67523148030025.png,0.5511857482,0.49041942460000004,0.42546897120000005,0.5832713122000001,0.4781352074,0.5449137886
202207_114.0390344_22.565740199999993.png,0.590292645,0.6169328544,0.563161076,0.5594084276,0.4304164388,0.4946485844
202211_113.78291956179339_22.7216500714381.png,0.2337712334,0.3704363866,0.332136078,0.1368217484,0.7924395786,0.8357184086
202211_113.78807238764684_22.679775888856494.png,0.346399042,0.3348113222,0.24851739080000002,0.3181303348,0.6528068848,0.7456621156
202211_113.7885606_22.738446.png,0.5362052096000001,0.4128997966,0.4408482802,0.592455994,0.42855944920000005,0.413905705
202211_113.79437007537138_22.682460288185617.png,0.4563234156,0.3555934674,0.28988514639999996,0.4490977302,0.6458139958,0.7655918230000001
202211_113.7957707_22.7341786.png,0.48499526299999995,0.378973966,0.44495733680000005,0.4598631958,0.6062633728,0.6855358862
202211_113.8017865_22.6838826.png,0.2771351578,0.1563918098,0.178117967,0.26406164,0.8952949724,0.9409592804000001
202211_113.8041727_22.7795268.png,0.536436267,0.46263188,0.4370520464,0.5831275392,0.47779183979999995,0.49953354640000003
202211_113.8082633_22.674981199999994.png,0.4970632458,0.3254832344,0.3209892194,0.5059642818000001,0.5791540114,0.6688764408
202211_113.8100430382602_22.746583540331518.png,0.45496893600000005,0.3089851958,0.2829021502,0.447005345,0.6187353326,0.7383909408
202211_113.8109161_22.7844666.png,0.3275191106,0.31218121320000003,0.24975133180000003,0.3906659078,0.6063354594,0.5457355408
202211_113.8131533_22.734941999999997.png,0.7475626392,0.6334900217999999,0.6638048676,0.7563301414,0.2204231688,0.32649490280000004
202211_113.8169133_22.7276972.png,0.3639927062,0.3205114588,0.286525251,0.3305275202,0.6901233142,0.7743221226
202211_113.81788238289876_22.73720803948338.png,0.47865047299999997,0.5194156162,0.41887683100000006,0.5046927142000001,0.49832121620000003,0.5353727896
202211_113.819258_22.731765400000004.png,0.421758645,0.41587863199999997,0.4052572662,0.3641421026,0.596815911,0.6950120762
202211_113.82000803448553_22.737425312514915.png,0.5477208486,0.44293084159999996,0.44993769180000004,0.5258756472,0.44715366860000005,0.5942952788
202211_113.8222678_22.6425994.png,0.234002531,0.21462256480000003,0.2852523136,0.22507244119999997,0.8016607768,0.7949459734000001
202211_113.8262261_22.649557699999992.png,0.6879195796,0.7351721002,0.7843978882,0.635135234,0.1466917358,0.20697003860000002
202211_113.82747384253616_22.615966911644556.png,0.6439832158,0.779196064,0.8628312255999999,0.6699941968,0.16847615440000002,0.023740128399999998
202211_113.8291359_22.6271889.png,0.13384189159999998,0.22875775580000002,0.32005910179999997,0.074830584,0.9159800949999999,0.8910814234
202211_113.8319583_22.794324499999995.png,0.3470135136,0.3550598964,0.2850056468,0.29159429540000004,0.7126111897999999,0.806919908
202211_113.83265292629095_22.7449197751454.png,0.6717875172000001,0.6318446696,0.6746718194,0.7544163128,0.32329705,0.2502353202
202211_113.8347799_22.784325.png,0.3681045022,0.295257448,0.251574719,0.3890412246,0.5965318801999999,0.6270978742
202211_113.83586272797584_22.70472169611849.png,0.456009975,0.4907824304,0.4071475392,0.41128398400000005,0.5032476231999999,0.5979775052
202211_113.836346_22.638564300000002.png,0.719328808,0.7108571662000001,0.7190338686,0.7614336842,0.29344614280000003,0.2835580626
202211_113.8379821_22.8048093.png,0.3713999918,0.500562883,0.400622974,0.271219426,0.8139436441999999,0.8667810398
202211_113.83840317386104_22.70831987854843.png,0.6945729264,0.634643213,0.6477300682,0.7783151008,0.3154214682,0.2805878566
202211_113.8409071441885_22.61114609385476.png,0.3554266112,0.3036220408,0.2499163574,0.4194907212,0.5930466164,0.5410773268
202211_113.8436113_22.612272900000004.png,0.6484967602,0.6370787506,0.6081010994,0.6931552482,0.23494930200000003,0.28828778439999997
202211_113.8452123_22.763892499999994.png,0.4046664058,0.2853159554,0.2482425916,0.4187261174,0.509538183,0.608842652
202211_113.84852700762849_22.610222404648848.png,0.8129561926,0.9432102902,0.9059654954,0.7836332636,0.0854756126,0.0779777764
202211_113.8492719_22.793544899999997.png,0.1730433412,0.267270884,0.2534087676,0.1210512944,0.9524253066,0.9467167366
202211_113.8523632_22.618814899999997.png,0.7901559722,0.8350348712000001,0.8220783326,0.7962693778000001,0.11305726359999999,0.1460910946
202211_113.8551969_22.763327199999996.png,0.40435248479999997,0.5996296566,0.5187174666,0.29359376400000003,0.5647326736,0.6016041332000001
202211_113.85560042621323_22.806993254660956.png,0.3478904268,0.4836770168,0.3749213256,0.2458937826,0.7409159136000001,0.8065379196
202211_113.8575257_22.717668000000003.png,0.3363600566,0.3183192974,0.2557991028,0.3758209026,0.6163747176000001,0.6000599357999999
202211_113.8596726_22.652348399999997.png,0.6966245012,0.6299288996,0.679976307,0.7736842978,0.2844017774,0.2392592274
202211_113.8635362_22.560423499999995.png,0.33926436579999997,0.26349996600000003,0.2564545834,0.366468379,0.7060285568,0.6879594435999999
202211_113.8704171_22.562697100000005.png,0.5506562215999999,0.5039016974,0.5213178232,0.5174243838,0.5328218554,0.6088977482
202211_113.8722763_22.551879099999997.png,0.2326414862,0.251339916,0.31364345920000003,0.2100517578,0.7837907578000001,0.77398468
202211_113.87349693118158_22.585965639453615.png,0.6370647854,0.6598881426000001,0.6670500842,0.6923815286,0.30005996420000003,0.258409342
202211_113.8795867_22.5997255.png,0.5794110128,0.6748667148,0.6167617124,0.593699015,0.2132477096,0.22828623280000002
202211_113.88136_22.584475199999996.png,0.4862593532,0.49433342180000006,0.4494874898,0.5510054616,0.4508719632,0.4245792718
202211_113.8822775_22.5709209.png,0.36550410640000003,0.18845546959999998,0.1778529372,0.3557732808,0.752351788,0.831960153
202211_113.88679688991533_22.57914480276345.png,0.5841578561999999,0.7237101724,0.5826870192,0.4978514208,0.48874733319999997,0.5632390112000001
202211_113.8878473_22.7457221.png,0.6176931966,0.5124775792,0.5408893297999999,0.6881391848,0.3497095254,0.32783717879999996
202211_113.89438222471337_22.73412834603495.png,0.4713704852,0.3164239904,0.2566016916,0.4624394358,0.6644769671999999,0.8076719944
202211_113.8992378_22.5719486.png,0.48972729499999995,0.3094143936,0.30826859959999997,0.5089836754,0.6733390074,0.7217129068
202211_113.90574290000002_22.577700399999998.png,0.5737380184,0.45528978999999997,0.45338348460000005,0.5711046594,0.47559795579999997,0.5889931606000001
202211_113.90896476644085_22.56979410159586.png,0.7872474196,0.7351805760000001,0.7350511058,0.7723492398,0.1629307836,0.2934360856
202211_113.909002_22.5679899.png,0.40716088040000004,0.40129555640000003,0.3736733992,0.3503591628,0.635582899,0.7230677007999999
202211_113.9117943_22.665487700000003.png,0.3475452018,0.35054319,0.3059034376,0.42339266359999994,0.5687795259999999,0.4839607832
202211_113.9159803_22.655209499999998.png,0.19912203820000002,0.21655012020000003,0.2365465806,0.14927594719999998,0.952420893,1.0
202211_113.921566914685_22.692212677311126.png,0.28098987659999997,0.2277507516,0.1803787466,0.3421862496,0.6138983718000001,0.562403192
202211_113.9227536_22.727050399999996.png,0.6930695324,0.6718733896,0.7100294222,0.7148125204,0.145830767,0.1757740632
202211_113.92292441756912_22.689422567040562.png,0.249103722,0.336630226,0.2323719354,0.180646095,0.8851397872,0.9424299603999999
202211_113.9263628_22.5912654.png,0.5332778428,0.6795876474,0.5184273850000001,0.5165294406000001,0.5185905906,0.5455156588000001
202211_113.9360468_22.758895699999997.png,0.5315289804,0.4519984402,0.4751320218,0.5353279642000001,0.35202169040000003,0.42125357880000003
202211_113.94225220000001_22.753719199999995.png,0.3013697594,0.4520142616,0.4836538368,0.2108106044,0.7917760878,0.7632607062
202211_113.9432455_22.587066.png,0.3558291602,0.3040286364,0.2741374386,0.3124287906,0.724898961,0.8369623408000001
202211_113.9570976_22.583883199999995.png,0.3309654358,0.254495734,0.192832553,0.300362811,0.7294243311999999,0.8381042863999999
202211_113.95836790652298_22.69236529229209.png,0.24839609899999998,0.3289047884,0.2601726216,0.179431301,0.8679213916,0.9181091462
202211_113.9724363_22.693400699999998.png,0.2385784032,0.25532773340000003,0.22670699440000003,0.1923719932,0.910031824,0.9532951074
202211_113.98367039433224_22.672815120621834.png,0.0806081516,0.118862337,0.15863474959999999,0.0548249826,0.8410216208,0.8642662138
202211_113.9858528_22.704467899999997.png,0.3968869946,0.5042080364,0.440831579,0.340418593,0.6290300814,0.6317224276
202211_113.9905027_22.681737499999997.png,0.3668319256,0.41948479680000006,0.3703792546,0.325637638,0.6479007797999999,0.6774081265999999
202211_113.996054_22.668308199999995.png,0.29332382360000003,0.11609747479999999,0.1060549116,0.2650957584,0.7298556738,0.8424409672
202211_113.9984381_22.681373299999997.png,0.4268614418,0.3640979914,0.363104596,0.4046152502,0.6916014323999999,0.7454482624
202211_114.001936_22.656943199999997.png,0.7081571932,0.50652346,0.5350594037999999,0.723471287,0.3351021844,0.45653533020000003
202211_114.0032842_22.655026699999997.png,0.5572861906,0.4314949466,0.484294562,0.5527514484,0.4890141026,0.577123892
202211_114.0051723768474_22.681067740455443.png,0.3566062366,0.144624653,0.1355531992,0.3536694608,0.7749008638,0.8464191048
202211_114.0078292_22.639066599999996.png,0.5800258046,0.402092805,0.4241941688,0.6146567728,0.35379688379999996,0.4073323582
202211_114.01052248887245_22.649428427414882.png,0.5829010516,0.4701401356,0.5404996088,0.5755192432,0.2530278818,0.37527280620000003
202211_114.01569978609133_22.728512338937833.png,0.3572340786,0.4108053086,0.385452835,0.4189493734,0.632469347,0.5158660996
202211_114.0163689_22.653706200000002.png,0.46080029180000004,0.2576591398,0.2588172322,0.4603935886,0.5721500398,0.6864788832000001
202211_114.0191639_22.662296299999998.png,0.563654919,0.537622091,0.5266624423999999,0.6108539842,0.3199395316,0.3363386372
202211_114.02076763342716_22.6417675560083.png,0.7908351334,0.7080969656,0.7049269702000001,0.8153560071999999,0.22543024420000002,0.317139246
202211_114.0226689_22.6581417.png,0.5463935098,0.3733834984,0.3431941608,0.5919510292,0.6351711717999999,0.6590020184000001
202211_114.02556840000001_22.630214099999996.png,0.7813879622,0.6850741452,0.701653621,0.780285543,0.2549229742,0.3742599762
202211_114.0271165_22.5685268.png,0.6010571473999999,0.5205035844,0.4832948426,0.661575958,0.463285273,0.47372698020000004
202211_114.02749850000001_22.661723400000003.png,0.5303240556000001,0.43019246019999996,0.42354979540000004,0.5744942806,0.4487897888,0.4664233172
202211_114.0294217_22.556639199999996.png,0.4344978632,0.47128368079999994,0.4594552534,0.3945006016,0.5800457274,0.6019412408
202211_114.0314997_22.736269000000007.png,0.24002795579999997,0.1454134056,0.1786004768,0.2512887498,0.7711168576,0.764253608
202211_114.0336272_22.661090499999997.png,0.491325722,0.3861665996,0.41027487479999997,0.4786403694,0.6271098322,0.6996528738000001
202211_114.0358766_22.6473671.png,0.40956312419999996,0.3247340958,0.29903467419999996,0.4624662232,0.566426463,0.544263186
202211_114.03708640000002_22.7299134.png,0.4012321698,0.4019036334,0.3823800622,0.42893832060000003,0.5871057992,0.5590808484
202211_114.0383343_22.670064099999998.png,0.5800948976,0.5004410738,0.500741895,0.5693685881999999,0.36780213,0.49225215640000003
202211_114.03978245388089_22.60607904267013.png,0.6285637804,0.6006987358,0.6433146344,0.5814046617999999,0.3588341668,0.4483362304
202211_114.0411497_22.561641499999997.png,0.5646362322,0.6643060456,0.6564448384,0.5611284264,0.34952415979999996,0.3122691884
202211_114.0438439_22.556771700000002.png,0.3631105892,0.37067274,0.3422162098,0.4140410996,0.5873065628,0.53315287
202211_114.044294_22.550718700000004.png,0.5176029314,0.4531046514,0.4393448096,0.57140396,0.5097399271999999,0.4890860578
202211_114.0445563_22.536196300000004.png,0.47044209260000003,0.5958683444,0.5672724024,0.48369873319999995,0.3924057226,0.31820152
202211_114.0510165_22.551339899999995.png,0.5500798592,0.54230573,0.5078107888,0.5587873568,0.47323665420000005,0.503139911
202211_114.0519255_22.7122363.png,0.17917676899999999,0.1322246574,0.1756999854,0.1696706874,0.7958264712,0.8250314447999999
202211_114.0544058_22.6444327.png,0.29919284840000004,0.31640950079999997,0.3462392066,0.3042362468,0.6520972977999999,0.6238143824
202211_114.0558493_22.615251100000002.png,0.6945977454000001,0.6247399422,0.6919641022,0.7524370748,0.2732929896,0.2424764028
202211_114.0578282_22.578562.png,0.1405651722,0.322955674,0.35362830079999996,0.0637363116,0.8728099410000001,0.8153152770000001
202211_114.05853155717254_22.724492512449242.png,0.6063734679999999,0.4486699584,0.406410904,0.6150889716,0.5288303182,0.6914320036
202211_114.059173_22.6942178.png,0.6565986588,0.5423880662,0.5478740691999999,0.6749907494,0.3224449572,0.4217774102
202211_114.0597178_22.624512499999994.png,0.5707470826,0.42157912340000003,0.3973160604,0.6240400822,0.5346644276,0.5480612984000001
202211_114.0627656_22.5229418.png,0.6477582734,0.6630451714000001,0.6542192042,0.6991167914,0.23215891380000003,0.2337840758
202211_114.06487710000002_22.633098699999998.png,0.5018713364,0.4180792692,0.4087863624,0.569598481,0.5025820728,0.46308188259999994
202211_114.0665036_22.627860199999997.png,0.6224467652000001,0.6994828216,0.6350911704,0.6385905846,0.347228619,0.3485838654
202211_114.0679141_22.563537199999995.png,0.3444961414,0.3330771358,0.310308575,0.2956786328,0.7290567388,0.8007347456
202211_114.0714429_22.5480405.png,0.45145263699999993,0.43822116959999996,0.42478681739999996,0.394252717,0.4853163062,0.6037458464000001
202211_114.0746631_22.6338718.png,0.5178613696000001,0.4656324296,0.4472829752,0.598894355,0.5111230090000001,0.44960394260000003
202211_114.09092050000001_22.701566099999997.png,0.1260941848,0.1639659346,0.25156490919999996,0.09759366080000001,0.9133446684000001,0.8976743636
202211_114.0909805_22.5517268.png,0.7438791718,0.6322448076,0.7104401414,0.7886459688,0.2155586976,0.2256390256
202211_114.0963676_22.572977699999996.png,0.48483457960000004,0.359394414,0.2924201576,0.4772744456,0.6110795412,0.7595334316
202211_114.1035643_22.6872075.png,0.2520417372,0.1199349682,0.0946790402,0.2475712812,0.7522525341999999,0.7913511638
202211_114.10629653022042_22.69430970272127.png,0.5693761904,0.4331771482,0.38208758880000004,0.5878028814,0.579130473,0.6943611385999999
202211_114.1079496_22.572552100000003.png,0.45673236939999995,0.32024552100000003,0.3108364052,0.502664139,0.47995090659999995,0.49274232720000005
202211_114.112463_22.71322719999999.png,0.1001664038,0.13063673879999999,0.10234544679999999,0.1331029606,0.7714958270000001,0.6805330286
202211_114.1129015_22.5992305.png,0.47778452820000006,0.5304188828,0.5247320784,0.5324286748,0.4474769304,0.358963698
202211_114.1182373_22.5657563.png,0.6460470398,0.5940980352,0.5463852324,0.6463751984,0.4466642644,0.5457276698
202211_114.1204075_22.6482116.png,0.3413942406,0.49791658099999997,0.365780108,0.26871055460000004,0.7293426332,0.7263141826
202211_114.1265996_22.6505152.png,0.337916371,0.305843262,0.2681823348,0.3809008564,0.6293169566000001,0.6026616764
202211_114.1297294_22.571899599999995.png,1.0,1.0,1.0,0.9980629821999999,0.11014933,0.1715006006
202211_114.1347208_22.689938899999998.png,0.32221415859999997,0.1788562778,0.1765938226,0.30930352640000003,0.7306973706,0.804281325
202211_114.1362693_22.6242506.png,0.4611090088,0.5707964824,0.47623973140000003,0.3897472958,0.5069019716,0.5586281898000001
202211_114.1413619_22.633429600000003.png,0.359122328,0.3611870024,0.3733413216,0.311129076,0.7566734522,0.7933506992
202211_114.1486314_22.6915968.png,0.18835001,0.16685044659999998,0.1357657338,0.2122322622,0.7395778492,0.7011163528
202211_114.1655038_22.5668733.png,0.37039265860000004,0.2493096018,0.2071311502,0.4015968162,0.6258895582,0.6564511872
202211_114.1903821_22.654378699999995.png,0.5936989396000001,0.3465550094,0.3423846404,0.6048028028,0.5801291909999999,0.7167505758
202211_114.19179562381086_22.63432322223352.png,0.4429885402,0.4605827172,0.36855906979999997,0.3956600616,0.5411076932000001,0.6660986942
202211_114.2071742_22.712280299999996.png,0.4344847332,0.3838485122,0.383509621,0.5174230244,0.5609827980000001,0.4686226388
202211_114.2111792_22.658679700000004.png,0.6330846904,0.6139556737999999,0.5952213318,0.6405379174,0.250183502,0.33503056600000003
202211_114.2152921_22.6662057.png,0.7072444926,0.5775704928,0.623140426,0.7491322142,0.3208009908,0.3446735514
202211_114.216765_22.6974888.png,0.44839212780000004,0.44389986620000005,0.50894809,0.4882551708,0.45766997319999997,0.40556543200000006
202211_114.21723136608922_22.72370956084027.png,0.6839579788,0.5729172858,0.5485124432,0.6918946354,0.33255787140000004,0.46886043940000005
202211_114.2197791_22.7005555.png,0.24740709980000003,0.243358106,0.1813462796,0.2764959282,0.688557417,0.6618177794
202211_114.22552806929458_22.72382851725978.png,0.46196534619999996,0.3727654118,0.3160115804,0.44846522479999995,0.6105654215999999,0.7400915508
202211_114.22642830617639_22.700759857544092.png,0.6159513796,0.6435594179999999,0.6121161103999999,0.5692796696,0.3696031668,0.4593028614
202211_114.2273256_22.557942800000003.png,0.655858731,0.5980858524,0.5457655054,0.6538820218,0.3811910116,0.5158848558
202211_114.23005136136408_22.7412320600931.png,0.35793982020000004,0.31175015899999997,0.2999581842,0.42260575019999996,0.5336898366,0.4758690286
202211_114.2301294_22.737622900000005.png,0.7578524572,0.5317748474,0.6018532386000001,0.8084082034,0.3840080768,0.3974148972
202211_114.23443416997084_22.70443946701597.png,0.4138159886,0.2723891696,0.3582746324,0.40815616080000006,0.4854578312,0.5638799008000001
202211_114.2361757_22.730064800000008.png,0.3426157382,0.2487929824,0.2384195848,0.3233544614,0.6432442808000001,0.7317417321999999
202211_114.24092502102194_22.72834490326265.png,0.6481907654,0.8452829854000001,0.7022936166,0.5203245528,0.3217406664,0.42321191779999995
202211_114.2417927_22.721100999999997.png,0.6355233624000001,0.5423395524,0.5747319092,0.7005342112,0.3717596344,0.3489537962
202211_114.25240049211995_22.71598604493676.png,0.312840724,0.1705894794,0.1884351986,0.2955035544,0.7244757589999999,0.8016286751999999
202211_114.2553826_22.7219132.png,0.7329075506,0.7238683064,0.7081591338,0.7540327316,0.248233045,0.30323707440000003
202211_114.2597717_22.748227099999998.png,0.2716404604,0.2598693828,0.22545448740000001,0.3321798706,0.7032214954,0.6192206426
202211_114.2690539_22.690821300000003.png,0.5272488152,0.5044468922,0.4631975732,0.5948766263999999,0.507205716,0.4746646184
202211_114.2760337_22.7631342.png,0.41164512240000006,0.374623385,0.3543412626,0.47865988020000005,0.48123247859999996,0.42623248900000005
202211_114.28544010000002_22.781407799999997.png,0.2761909932,0.2421084118,0.24440505080000002,0.2534043642,0.5258635874,0.6003332392
202211_114.2873667_22.697519499999995.png,0.7744479152,0.617358904,0.6602364914,0.8348463686,0.351623743,0.353545694
202211_114.29145377862082_22.72440749735727.png,0.577743813,0.41349398959999994,0.4290214568,0.641951339,0.537685591,0.5200142144
202211_114.2954426_22.676837.png,0.435218096,0.386103233,0.4423106464,0.48559017200000004,0.3965350578,0.354961948
202211_114.3011382_22.6976226.png,0.3599766636,0.4024345406,0.3987364304,0.43248770719999996,0.5234744322,0.4050057632
202211_114.30676170000001_22.6703835.png,0.5613042346,0.6699538258,0.6150967026,0.5946213054,0.30436745639999996,0.2541528352
202211_114.3072554_22.766458099999998.png,0.4003942466,0.2785317742,0.2705794398,0.4003489174,0.5398784944,0.6085232958
202211_114.31441280650962_22.67996343438464.png,0.3984008766,0.46434261660000004,0.3814277304,0.3084224168,0.6067408116,0.7312808678
202211_114.3162351_22.766853299999998.png,0.504796942,0.5173654446,0.500739787,0.45829248739999995,0.5057493710000001,0.5762259432
202211_114.3254350036764_22.68151625721614.png,0.3690171228,0.21904623939999998,0.2132315786,0.3848719666,0.6878404741999999,0.7165725602
202211_114.33041262094612_22.699174530065097.png,0.5855169794,0.4475440912,0.45347080100000003,0.6503680586,0.5223002543999999,0.514191112
202211_114.3351278_22.708945700000005.png,0.512723346,0.5133308891999999,0.47762592880000004,0.5193784336,0.37707373980000003,0.43834709439999997
202211_114.3404670682303_22.697019432676996.png,0.11146503619999999,0.0766055346,0.12252196580000001,0.122973519,0.9073962012000001,0.8887714073999999
202211_114.3459751_22.707297799999996.png,0.104926097,0.22589023560000002,0.2803313042,0.054443720200000004,0.9369817122,0.8959437776
202211_114.3511078_22.681715400000005.png,0.2672457272,0.327105056,0.3098194576,0.3027997158,0.6030928382,0.5206391948
202211_114.3569203_22.6889893.png,0.6820298588,0.6604257496,0.657553764,0.7142654952,0.2515099442,0.29800458
202211_114.3658786_22.743978499999994.png,0.35836166399999997,0.2364446488,0.208393832,0.3341555904,0.6549878228,0.76396607
202211_114.368547_22.736087599999998.png,0.3954558962,0.5269582594,0.4285409738,0.3775056378,0.568722053,0.5369446186
202211_114.37215326558275_22.730109705730648.png,0.546371733,0.7992549419999999,0.6487893766,0.40660848180000003,0.3572757234,0.418040925
202211_114.3734899_22.7272945.png,0.2599772682,0.3011649504,0.378754002,0.2366368546,0.6824828228,0.6471227016000001
202211_114.3769458_22.689101.png,0.43818237120000003,0.6828644672,0.509760205,0.3445952876,0.4585673778,0.46937472519999995
202211_114.38063190000001_22.6953099.png,0.4023549516,0.3516333376,0.38282406199999996,0.459072364,0.5231808875999999,0.45368892299999997
202211_114.40298750000001_22.696152799999997.png,0.35329401439999997,0.327888138,0.3595311932,0.420335048,0.5154421231999999,0.4225207886
202212_113.77643691902465_22.689496014406288.png,0.5215947954,0.46951470320000005,0.48328389759999996,0.5753881842,0.42698913860000004,0.4104549156
202212_113.7773688_22.700072399999996.png,0.23531585900000002,0.16930685080000002,0.16864609020000002,0.28135394539999997,0.7027807376,0.6389073578
202212_113.78080880458923_22.697984700257628.png,0.5847118014,0.5247954,0.5123111068,0.6227744316,0.3572418378,0.4007864756
202212_113.7951026_22.699638300000004.png,0.248392416,0.22924333759999999,0.185054589,0.31003878399999996,0.653158589,0.5654602706
202212_113.79688929487973_22.680480331073678.png,0.3119595676,0.2783275884,0.250369924,0.3724190472,0.543424762,0.486408623
202212_113.8052854_22.6785739.png,0.7934348888,0.6252218512,0.673821681,0.8168771386,0.2275050628,0.31738960660000004
202212_113.81152624040243_22.669452211760223.png,0.3078894836,0.1709341614,0.147497863,0.3590539926,0.7082678506,0.675397706
202212_113.8150205_22.6618553.png,0.3813945432,0.2937577584,0.2777364606,0.4237168326,0.5108464318,0.5027711526
202212_113.822997_22.673369699999995.png,0.4745330726,0.367328477,0.3724672258,0.512685871,0.5564909701999999,0.5544978262
202212_113.8333147_22.5931892.png,0.4297173938,0.2684291204,0.2122869894,0.4070339636,0.6865221234,0.8382920150000001
202212_113.84548710000001_22.595948799999995.png,0.6459409584,0.6473556826,0.6136089198,0.6274357004,0.28039248840000003,0.3872276496
202212_113.8455067_22.571828900000003.png,0.3521865242,0.4062861804,0.35228259959999997,0.29091889000000004,0.6892408174,0.7430382698
202212_113.8545129_22.757254.png,0.43518302899999994,0.42930100940000004,0.489675421,0.43150032720000003,0.4921143162,0.4859403902
202212_113.8597812_22.757076.png,0.45507109440000004,0.4363051574,0.43661923480000003,0.3929359704,0.5660687762000001,0.6777326741999999
202212_113.86139183326183_22.587593857146626.png,0.42057021280000007,0.44105757160000003,0.35089441579999997,0.381363441,0.5630496724,0.6723201966000001
202212_113.86693239299775_22.5059467417505.png,0.0833728336,0.1953076186,0.2227248992,0.0341431362,0.7515803144000001,0.7547422502
202212_113.8680685_22.5560727.png,0.0728545202,0.149156293,0.20128533380000002,0.068351242,0.9016789996,0.8339956934
202212_113.87041220000002_22.5580962.png,0.18674561839999998,0.1425017912,0.1753619082,0.1807713168,0.800938734,0.8159819561999999
202212_113.8707263_22.568021299999998.png,0.3725712908,0.3046159276,0.28069568980000004,0.3498209334,0.7981466784,0.8470320276000001
202212_113.8757923_22.514260899999996.png,0.1402609788,0.16873170799999998,0.245121823,0.1374848396,0.8624965574000001,0.7971879984
202212_113.87765440000001_22.775584799999997.png,0.45943204160000006,0.411149143,0.4079895704,0.5473246162,0.5531674354,0.45863534479999996
202212_113.8790194_22.5608856.png,0.3099422994,0.32464074119999997,0.3370886654,0.2663081136,0.7037541516,0.7484802212
202212_113.881676_22.5046663.png,0.4769495674,0.30295794260000003,0.3099731328,0.46141263400000004,0.5939093016,0.728614988
202212_113.8839338_22.792216499999995.png,0.32670400499999996,0.1808436076,0.1909279706,0.3133312504,0.7379797828,0.8084081718
202212_113.8850943_22.7812449.png,0.519997249,0.364955741,0.3945045474,0.5383714266,0.4818948906,0.5372954584
202212_113.8871212311432_22.59073404108649.png,0.375525078,0.4387935678,0.3168264518,0.30835348900000004,0.749165659,0.835089744
202212_113.8873515_22.494999999999997.png,0.3549684996,0.3424274222,0.2656090972,0.3133653944,0.6664577300000001,0.7831100302
202212_113.891474774064_22.785579979547432.png,0.5181774522,0.33941876,0.3157698998,0.511706807,0.543234983,0.707326635
202212_113.8915262_22.7874822.png,0.4803935708,0.4559322548,0.3975288788,0.43447086339999996,0.6249224212,0.7334465286
202212_113.89180624418951_22.79290449136687.png,0.5104580872,0.3519896032,0.3448217552,0.5063999988,0.7581806994,0.8207347882
202212_113.8943005_22.776301499999995.png,0.2392831442,0.21844611340000003,0.2817981296,0.2342611212,0.8090110584,0.7930075628
202212_113.8982409_22.550873.png,0.7507631758,0.7892953274,0.8641220806,0.7642530909999999,0.0,0.0
202212_113.89919588637308_22.514262033985645.png,0.4875511448,0.538231056,0.422007004,0.4284292776,0.6085366992,0.7100404098
202212_113.90245330000002_22.580992999999996.png,0.3969844294,0.3163766068,0.2875026346,0.39460487299999997,0.6411315064,0.7014804224
202212_113.9048747_22.5351983.png,0.3107572048,0.3376368266,0.3453908924,0.2756102608,0.7568172331999999,0.771113153
202212_113.9088971_22.5624485.png,0.3758317934,0.3142702122,0.27371399080000003,0.41665300299999997,0.634379004,0.6208686684
202212_113.909758_22.487155499999997.png,0.7592231894,0.5591431634,0.5860527112,0.7866656112,0.3751659462,0.47174569860000004
202212_113.9112664_22.481579000000004.png,0.40683014660000005,0.6066540658,0.5010531368,0.2822849516,0.5939689323999999,0.6456821654
202212_113.9144565_22.508373499999998.png,0.3897105262,0.3266785626,0.25961657800000004,0.3658832916,0.648878019,0.7682905258
202212_113.9169837_22.524702500000004.png,0.4720228258,0.49166290320000006,0.375375257,0.44367897440000004,0.5764251174,0.7152001824
202212_113.9185767_22.7716986.png,0.8695916638,0.8012225354,0.9333300458,0.9009275880000001,0.0195642498,0.0535336658
202212_113.9200199_22.4932087.png,0.270909179,0.3178751662,0.315173684,0.2127250726,0.8272365084000001,0.8635970225999999
202212_113.9224188_22.538887600000006.png,0.329004811,0.330093457,0.29487093340000003,0.2791708422,0.6955107810000001,0.7771780754
202212_113.9239898_22.504820799999997.png,0.4745503658,0.4494792748,0.4413028602,0.43120822319999996,0.5820055998,0.6666022624
202212_113.9270181_22.5401367.png,0.504699187,0.7819902484,0.6058722222,0.41888292439999997,0.4821803926,0.4544942634
202212_113.9281393_22.7900159.png,0.5695000454,0.44630787759999996,0.42712421159999997,0.595946608,0.3590901966,0.4618374482
202212_113.9303129_22.7637627.png,0.3990324814,0.3697603014,0.343888192,0.45844201780000005,0.5263465186,0.4755880218
202212_113.93087370000002_22.545790199999995.png,0.5283298048,0.6571878376,0.595033322,0.504111065,0.356333792,0.340322636
202212_113.931886_22.7478105.png,0.5281731246,0.396343719,0.44736948080000005,0.5335398372,0.5286024854,0.5855470601999999
202212_113.9340142_22.516298099999997.png,0.43519840079999994,0.3983196672,0.3756599878,0.497932583,0.46495277780000005,0.4205731674
202212_113.9356375_22.5753551.png,0.9522129206000001,0.7541789312,0.8015214568,1.0,0.3326204444,0.36181177999999997
202212_113.93686530000001_22.496623499999995.png,0.664113467,0.70785141,0.7322388226000001,0.5894423578,0.1983792386,0.31986411540000004
202212_113.9384694_22.50815679999999.png,0.44099068680000003,0.6741126118,0.5358008223999999,0.3614756646,0.5419980362000001,0.5195165076
202212_113.9402644_22.519026199999995.png,0.6366579931999999,0.4422206514,0.4364626814,0.671552191,0.4810136688,0.5730434329999999
202212_113.9436688_22.539266799999996.png,0.5163735878,0.49666708860000003,0.4983411416,0.4858511706,0.4695483712,0.545987576
202212_113.9450831_22.532614599999995.png,0.4154115332,0.35248729339999996,0.325161635,0.3838135796,0.7038227074,0.7819185148
202212_113.94629651068989_22.542967760048658.png,0.722239202,0.9529006170000001,0.8366672142,0.6339644194,0.1879120704,0.1989841222
202212_113.9494489_22.5835412.png,0.21267768280000002,0.18981195879999999,0.1981779018,0.1893548386,0.9245603601999999,0.9530579766
202212_113.95960670000001_22.543149499999995.png,0.2813953078,0.2788223726,0.291415209,0.2585049884,0.7701213762,0.7821728946000001
202212_113.9694544_22.528250199999995.png,0.39235711759999997,0.336875136,0.2993918846,0.3869553162,0.558552058,0.6215231226
202212_113.9776265_22.5282479.png,0.1830769226,0.364266377,0.4319198404,0.07799279099999999,0.8406576572000001,0.813533614
202212_113.9847278_22.5463916.png,0.6036680314,0.8147220424,0.7801282248,0.48135670399999997,0.2273648126,0.3003686036
202212_113.9878482_22.594933299999997.png,0.22883056119999998,0.200325446,0.1900359982,0.18381813760000001,0.7764371416,0.8665141002000001
202212_113.992758_22.535601.png,0.2731372092,0.3260143434,0.3869223762,0.20268323019999998,0.7635134392,0.8064911968
202212_114.0005612_22.5402458.png,0.5324412006,0.5795853892,0.4753326792,0.49135084879999996,0.4994897054,0.6039277138
202212_114.0109223_22.545793100000004.png,0.4459215916,0.5425606494,0.4592034792,0.3771176586,0.6981772,0.7219413294
202212_114.0250293_22.545575599999992.png,0.3288188282,0.56771622,0.47815371840000004,0.20139551,0.7172821062,0.7207153162
202212_114.0326051_22.526367499999996.png,0.358323875,0.2734022278,0.3320086302,0.346305131,0.7068107208,0.7404321752
202212_114.048521_22.5232585.png,0.6673560357999999,0.6404123986,0.5726305608,0.6608912368000001,0.437390497,0.5600215008
202212_114.0551493_22.518495400000003.png,0.5448153384000001,0.5944901816,0.5481416122,0.48539186440000004,0.4687079494,0.5372016777999999
202212_114.05823080000002_22.540602100000005.png,0.762294907,0.630735956,0.685247068,0.7811988776,0.23571822560000003,0.32192971579999996
202212_114.0658167_22.534223299999994.png,0.7988909168,0.668329542,0.6848238635999999,0.8262444554,0.23825498679999998,0.3359765774
202212_114.0770361_22.5528905.png,0.408511277,0.48289748660000004,0.40058786919999995,0.363404846,0.6300588108,0.653393104
202212_114.0864988_22.5573059.png,0.5310804762,0.5645489396000001,0.4765220298,0.49183206459999995,0.4502682014,0.5592138158
202212_114.0908997_22.5583526.png,0.407789603,0.4493156922,0.4817182842,0.34164921979999996,0.6901878488000001,0.7154580788
202212_114.0910387431752_22.549649716591308.png,0.4583019742,0.3434449202,0.3462131008,0.44560231840000003,0.5938801726,0.6741624820000001
202212_114.1040977_22.558683299999995.png,0.5960392158000001,0.4894973396,0.5050634456,0.6124781876000001,0.4094950486,0.47084255840000006
202212_114.1136781_22.5459787.png,0.6437580028000001,0.5114091458,0.48039256760000004,0.6767440926,0.557918775,0.6313782866000001
202212_114.12220825245038_22.563703360607565.png,0.55405443,0.4801620272,0.40751455979999995,0.5743915284,0.5327364302,0.6416506064
202212_114.1282478_22.556577899999997.png,0.6017649708,0.451153041,0.44143087559999994,0.6193605018,0.429329942,0.5410523744
202212_114.2485962_22.597206699999997.png,0.3709792688,0.3487803878,0.3188219178,0.3852375564,0.5618211602,0.570779805
202212_114.2643742_22.586968899999995.png,0.22262507820000002,0.10883818540000001,0.088134085,0.221562716,0.8255816554000001,0.84621262
